Label of tree,type,Twig a or b,Date,Live scale shoot 1,dead scale shoot 1,Live scale shoot 2,dead scale shoot 2,Live scale shoot 3,dead scale shoot 3,presence of parasitism,scale on new growth?,presence of fungus,encarsia,notes,
D-A1a,both,a,July,0,4,0,3,0,1,no,yes,no,,,
D-A1a,both,b,July,0,14,0,14,0,21,yes,no,no,,,
D-A1b,both,a,July,0,48,1,28,0,23,yes,no,no,,,
D-A1b,both,b,July,0,24,0,17,0,10,no,no,no,,,
D-A1c,EHS,a,July,0,0,0,0,0,0,no,no,no,,,
D-A1c,EHS,b,July,0,1,0,0,0,0,no,no,no,,,
D-A1d,EHS,a,July,0,2,0,2,0,2,yes,no,no,,,
D-A1d,EHS,b,July,0,1,0,1,0,2,no,no,no,,,
D-B1a,both,a,July,0,12,0,5,0,5,no,no,no,0,,
D-B1a,both,b,July,0,13,0,13,0,15,no,no,no,,,
D-B1b,EHS,a,July,0,0,0,0,0,0,no,no,no,,,
D-B1b,EHS,b,July,0,0,0,0,0,0,no,no,no,0,,
D-B1c,EHS,a,July,0,0,0,1,0,0,no,no,no,,,
D-B1c,EHS,b,July,0,0,0,0,0,0,no,no,no,,,
D-B1d,EHS,a,July,0,0,0,0,0,0,no,no,no,,,
D-B1d,EHS,b,July,0,2,0,0,0,0,no,no,no,,,
D-C1a,EHS,a,July,0,14,0,4,0,9,yes,no,no,2,,
D-C1a,EHS,b,July,,,,,,,no,no,no,,,
D-C1b,EHS,a,July,0,12,0,0,0,0,no,no,no,1,interesting beetle on yellow sticky trap,
D-C1b,EHS,b,July,,,,,,,no,no,no,,,
D-C1c,EHS,a,July,0,0,0,0,0,0,no,no,no,,,
D-C1c,EHS,b,July,,,,,,,no,no,no,,,
D-C1d,EHS,a,July,0,0,0,2,0,0,yes,no,no,,,
D-C1d,EHS,b,July,,,,,,,no,no,no,,,
D-D1a,Crypto,a,July,0,129,0,79,1,86,yes,no,no,0,,
D-D1a,Crypto,b,July,,,,,,,no,no,no,,,
D-D1b,Crypto,a,July,0,4,0,6,0,12,yes,no,yes,0,,
D-D1b,Crypto,b,July,,,,,,,no,no,no,,,
D-D1c,Crypto,a,July,1,33,0,17,1,15,yes,no,no,,,
D-D1c,Crypto,b,July,,,,,,,no,no,no,,,
D-D1d,Crypto,a,July,0,25,2,20,1,15,yes,no,no,,,
D-D1d,Crypto,b,July,,,,,,,no,no,no,,,
D-A2a,both,a,July,0,2,6,20,,,yes,no,no,1,,
D-A2a,both,b,July,2,18,3,4,0,12,no,no,no,,,
D-A2b,both,a,July,0,7,2,7,0,14,no,no,no,1,,
D-A2b,both,b,July,0,2,0,1,0,2,no,no,no,,,
D-A2c,EHS,a,July,0,0,0,0,0,0,no,no,no,,,
D-A2c,EHS,b,July,0,0,0,0,0,0,no,no,no,,,
D-A2d,EHS,a,July,,,,,,,no,no,no,,,
D-A2d,EHS,b,July,,,,,,,no,no,no,,,
D-B2a,EHS,a,July,0,0,0,0,0,0,no,no,no,0,,
D-B2a,EHS,b,July,0,0,0,0,0,0,no,no,no,,,
D-B2b,EHS,a,July,0,0,0,0,0,0,no,no,no,1,,
D-B2b,EHS,b,July,0,0,0,0,0,0,no,no,no,,,
D-B2c,EHS,a,July,0,18,0,15,0,1,yes,no,no,,,
D-B2c,EHS,b,July,0,0,0,0,0,0,no,no,no,,,
D-B2d,EHS,a,July,0,0,0,0,0,0,no,no,no,,,
D-B2d,EHS,b,July,0,0,0,0,0,0,no,no,no,,,
D-C2a,EHS,a,July,0,0,0,0,0,0,no,no,no,1,,
D-C2a,EHS,b,July,0,0,0,0,0,0,no,no,no,,,
D-C2b,EHS,a,July,0,0,0,0,0,0,no,no,no,0,,
D-C2b,EHS,b,July,,,,,,,no,no,no,,,
D-C2c,EHS,a,July,0,0,0,0,0,0,no,no,no,,,
D-C2c,EHS,b,July,,,,,,,no,no,no,,,
D-C2d,EHS,a,July,0,0,0,0,0,0,no,no,no,,,
D-C2d,EHS,b,July,,,,,,,no,no,no,,,
D-D2a,EHS,a,July,0,4,1,18,0,7,no,no,no,1,,
D-D2a,EHS,b,July,,,,,,,no,no,no,,,
D-D2b,EHS,a,July,0,2,0,0,0,0,no,no,no,0,,
D-D2b,EHS,b,July,,,,,,,no,no,no,,,
D-D2c,EHS,a,July,0,0,0,0,0,0,no,no,no,,,
D-D2c,EHS,b,July,,,,,,,no,no,no,,,
D-D2d,EHS,a,July,0,0,0,0,0,0,no,no,no,,,
D-D2d,EHS,b,July,,,,,,,no,no,no,,,
D-A3a,both,a,July,0,1,,4,0,3,no,yes,no,5,,
D-A3a,both,b,July,0,7,0,0,0,5,no,no,no,,,
D-A3b,both,a,July,0,14,4,22,0,30,no,no,no,3,,
D-A3b,both,b,July,1,8,0,18,1,24,yes,no,no,,,
D-A3c,both,a,July,0,20,0,19,1,16,yes,no,no,,,
D-A3c,both,b,July,0,19,0,26,0,15,yes,no,no,,,
D-A3d,both,a,July,0,24,0,8,1,14,no,no,no,,,
D-A3d,both,b,July,0,13,0,17,1,18,no,no,no,,,
D-B3a,EHS,a,July,0,0,0,0,0,0,no,no,no,2,,
D-B3a,EHS,b,July,0,0,0,0,0,0,no,no,no,,,
D-B3b,EHS,a,July,0,0,0,0,0,0,no,no,no,1,,
D-B3b,EHS,b,July,0,0,0,0,0,0,no,no,no,,,
D-B3c,both,a,July,1,1,0,3,0,7,no,no,no,,,
D-B3c,both,b,July,1,23,0,12,0,17,yes,no,no,,,
D-B3d,EHS,a,July,0,1,0,0,0,1,no,no,no,,,
D-B3d,EHS,b,July,0,0,0,2,0,0,no,no,no,,,
D-C3a,EHS,a,July,0,0,0,0,0,0,no,no,no,0,ecto parasitic wasps of cryptomeria poop,
D-C3a,EHS,b,July,,,,,,,no,no,no,,,
D-C3b,EHS,a,July,0,20,6,27,1,42,yes,no,no,0,eggs only ,
D-C3b,EHS,b,July,,,,,,,,,,,,
D-C3c,EHS,a,July,,,,,,,no,no,no,,,
D-C3c,EHS,b,July,,,,,,,,,,,,
D-C3d,EHS,a,July,,,,,,,no,no,no,,ecto parasitic wasps of cryptomeria poop,
D-C3d,EHS,b,July,,,,,,,,,,,,
D-D3a,EHS,a,July,0,0,0,0,0,0,no,no,no,0,,
D-D3a,EHS,b,July,,,,,,,no,no,no,,,
D-D3b,EHS,a,July,0,0,0,0,0,0,no,no,no,,,
D-D3b,EHS,b,July,0,0,0,0,0,0,no,no,no,,,
D-D3c,EHS,a,July,0,0,0,1,0,0,no,no,no,,,
D-D3c,EHS,b,July,,,,,,,no,no,no,,,
D-D3d,EHS,a,July,0,0,0,0,0,0,no,no,no,,,
D-D3d,EHS,b,July,,,,,,,no,no,no,,,
D-A4a,both,a,July,0,3,0,3,0,9,no,no,no,1,,
D-A4a,both,b,July,0,10,,,,,no,no,no,,,
D-A4b,EHS,a,July,0,13,,,,,no,no,yes,1,eggs,
D-A4b,EHS,b,July,,,,,,,no,no,no,,,
D-A4c,EHS,a,July,,,,,,,no,no,no,,,
D-A4c,EHS,b,July,,,,,,,no,no,no,,,
D-A4d,both,a,July,3,39,1,56,0,41,no,yes,no,,,
D-A4d,both,b,July,0,32,0,49,0,41,yes,no,no,,,
D-B4a,EHS,a,July,0,0,0,0,0,0,no,no,no,0,,
D-B4a,EHS,b,July,0,0,0,0,0,0,no,no,no,,,
D-B4b,EHS,a,July,0,0,0,0,0,0,no,no,no,1,,
D-B4b,EHS,b,July,0,0,0,0,0,0,no,no,no,,,
D-B4c,EHS,a,July,0,0,0,0,0,0,no,no,no,,,
D-B4c,EHS,b,July,0,0,1,0,0,0,no,no,no,,,
D-B4d,EHS,a,July,0,0,0,0,0,0,no,no,no,,,
D-B4d,EHS,b,July,0,0,0,0,0,0,no,no,no,,,
D-C4a,EHS,a,July,0,0,0,2,0,0,no,no,no,1,,
D-C4a,EHS,b,July,,,,,,,no,no,no, ,,
D-C4b,EHS,a,July,0,0,0,0,0,0,no,no,no,0,,
D-C4b,EHS,b,July,,,,,,,no,no,no,,,
D-C4c,EHS,a,July,0,0,0,0,0,0,no,no,no,,,
D-C4c,EHS,b,July,,,,,,,no,no,no,,,
D-C4d,EHS,a,July,0,0,0,1,0,0,no,no,no,,,
D-C4d,EHS,b,July,,,,,,,no,no,no,,,
D-D4a,EHS,a,July,,,,,,,no,no,no,4,,
D-D4a,EHS,b,July,,,,,,,no,no,no,,,
D-D4b,EHS,a,July,,,,,,,no,no,no,1,,
D-D4b,EHS,b,July,,,,,,,no,no,no,,,
D-D4c,EHS,a,July,,,,,,,no,no,no,,,
D-D4c,EHS,b,July,,,,,,,no,no,no,,,
D-D4d,EHS,a,July,,,,,,,no,no,no,,,
D-D4d,EHS,b,July,,,,,,,no,no,no,,,
,,,,,,,,,,,,,,,
D-A1a,Crypto,a,July,,,,,,,no,no,no,,,
D-A1a,Crypto,b,July,,,,,,,no,no,no,,,
D-A1b,Crypto,a,July,,,,,,,no,no,no,,,
D-A1b,Crypto,b,July,,,,,,,no,no,no,,,
D-A1c,Crypto,a,July,0,0,0,5,0,0,no,no,no,,,
D-A1c,Crypto,b,July,0,4,0,3,0,1,no,no,no,,,
D-A1d,Crypto,a,July,0,3,0,3,0,4,no,no,no,,,
D-A1d,Crypto,b,July,0,2,0,0,0,0,no,no,no,,,
D-B1a,Crypto,a,July,,,,,,,no,no,no,0,,
D-B1a,Crypto,b,July,,,,,,,no,no,no,,,
D-B1b,Crypto,a,July,0,3,0,1,0,0,no,no,no,,,
D-B1b,Crypto,b,July,0,0,0,1,0,3,no,no,no,0,,
D-B1c,Crypto,a,July,0,1,0,0,0,0,no,no,no,,,
D-B1c,Crypto,b,July,0,0,0,0,0,0,no,no,no,,,
D-B1d,Crypto,a,July,0,0,0,0,1,0,no,no,no,,,
D-B1d,Crypto,b,July,0,3,0,3,0,1,no,no,no,,barely alive,
D-C1a,Crypto,a,July,0,0,0,0,0,1,no,no,no,2,,
D-C1a,Crypto,b,July,,,,,,,no,no,no,,,
D-C1b,Crypto,a,July,0,10,0,8,0,13,yes,no,no,1,,
D-C1b,Crypto,b,July,,,,,,,no,no,no,,,
D-C1c,Crypto,a,July,0,46,0,22,0,19,yes,no,no,,,
D-C1c,Crypto,b,July,,,,,,,no,no,no,,,
D-C1d,Crypto,a,July,0,17,0,6,0,7,yes,no,no,,,
D-C1d,Crypto,b,July,,,,,,,no,no,no,,,
D-D1a,Crypto,a,July,,,,,,,no,no,no,0,,
D-D1a,Crypto,b,July,,,,,,,no,no,no,,,
D-D1b,Crypto,a,July,,,,,,,no,no,no,0,,
D-D1b,Crypto,b,July,,,,,,,no,no,no,,,
D-D1c,Crypto,a,July,,,,,,,no,no,no,,,
D-D1c,Crypto,b,July,,,,,,,no,no,no,,,
D-D1d,Crypto,a,July,,,,,,,no,no,no,,,
D-D1d,Crypto,b,July,,,,,,,no,no,no,,,
D-A2a,Crypto,a,July,,,,,,,no,no,no,1,,
D-A2a,Crypto,b,July,,,,,,,no,no,no,,,
D-A2b,Crypto,a,July,,,,,,,no,no,no,1,,
D-A2b,Crypto,b,July,,,,,,,no,no,no,,,
D-A2c,Crypto,a,July,0,1,0,4,0,1,no,no,no,,,
D-A2c,Crypto,b,July,0,16,0,10,0,9,yes,no,no,,,
D-A2d,Crypto,a,July,,,,,,,no,no,no,,,
D-A2d,Crypto,b,July,,,,,,,no,no,no,,,
D-B2a,Crypto,a,July,0,22,0,20,0,18,yes,no,no,0,,
D-B2a,Crypto,b,July,0,0,0,1,0,1,no,no,no,,,
D-B2b,Crypto,a,July,1,5,1,4,0,0,no,no,no,1,,
D-B2b,Crypto,b,July,0,5,0,2,0,7,no,no,no,,,
D-B2c,Crypto,a,July,0,0,0,0,0,7,no,no,no,,,
D-B2c,Crypto,b,July,0,7,0,7,0,5,no,no,no,,,
D-B2d,Crypto,a,July,0,5,0,3,0,1,no,no,no,,,
D-B2d,Crypto,b,July,0,0,0,0,0,0,no,no,no,,,
D-C2a,Crypto,a,July,0,1,0,3,0,0,no,no,no,1,,
D-C2a,Crypto,b,July,0,1,0,0,0,0,no,no,no,,,
D-C2b,Crypto,a,July,0,0,0,2,0,0,no,no,no,0,,
D-C2b,Crypto,b,July,,,,,,,no,no,no,,,
D-C2c,Crypto,a,July,0,0,0,0,0,0,no,no,no,,,
D-C2c,Crypto,b,July,,,,,,,no,no,no,,,
D-C2d,Crypto,a,July,0,0,0,0,0,2,no,no,no,,,
D-C2d,Crypto,b,July,,,,,,,no,no,no,,,
D-D2a,Crypto,a,July,0,31,0,4,0,3,no,no,no,1,,
D-D2a,Crypto,b,July,,,,,,,no,no,no,,,
D-D2b,Crypto,a,July,0,5,0,2,0,5,no,no,no,0,,
D-D2b,Crypto,b,July,,,,,,,no,no,no,,,
D-D2c,Crypto,a,July,0,2,0,3,0,3,no,no,no,,,
D-D2c,Crypto,b,July,,,,,,,no,no,no,,,
D-D2d,Crypto,a,July,0,13,0,7,0,6,no,no,no,,,
D-D2d,Crypto,b,July,,,,,,,no,no,no,,,
D-A3a,Crypto,a,July,,,,,,,no,no,no,5,,
D-A3a,Crypto,b,July,,,,,,,no,no,no,,,
D-A3b,Crypto,a,July,,,,,,,no,no,no,3,,
D-A3b,Crypto,b,July,,,,,,,no,no,no,,,
D-A3c,Crypto,a,July,,,,,,,no,no,no,,,
D-A3c,Crypto,b,July,,,,,,,no,no,no,,,
D-A3d,Crypto,a,July,,,,,,,no,no,no,,,
D-A3d,Crypto,b,July,,,,,,,no,no,no,,,
D-B3a,Crypto,a,July,0,2,0,1,0,6,yes,no,no,2,,
D-B3a,Crypto,b,July,0,0,1,0,0,0,no,no,no,,,
D-B3b,Crypto,a,July,0,29,0,27,3,13,no,no,no,1,,
D-B3b,Crypto,b,July,1,0,0,4,0,3,no,no,no,,,
D-B3c,Crypto,a,July,,,,,,,no,no,no,,,
D-B3c,Crypto,b,July,,,,,,,no,no,no,,,
D-B3d,Crypto,a,July,0,0,0,0,0,1,no,no,no,,,
D-B3d,Crypto,b,July,0,13,0,14,0,6,no,no,no,,,
D-C3a,Crypto,a,July,0,15,1,25,2,25,yes,yes,no,0,,
D-C3a,Crypto,b,July,,,,,,,no,no,no,,,
D-C3b,Crypto,a,July,,,,,,,no,no,no,0,,
D-C3b,Crypto,b,,,,,,,,,,,,,
D-C3c,Crypto,a,July,1,10,0,1,0,5,yes,yes,no,,,
D-C3c,Crypto,b,,,,,,,,,,,,,
D-C3d,Crypto,a,July,0,11,2,5,0,2,yes,yes,no,,,
D-C3d,Crypto,b,,,,,,,,,,,,,
D-D3a,Crypto,a,July,0,2,0,0,0,0,no,no,no,0,,
D-D3a,Crypto,b,July,,,,,,,no,no,no,,,
D-D3b,Crypto,a,July,0,13,0,9,0,23,yes,no,no,,,
D-D3b,Crypto,b,July,0,0,0,0,0,0,no,no,no,,,
D-D3c,Crypto,a,July,0,9,0,12,0,2,no,no,no,,,
D-D3c,Crypto,b,July,,,,,,,no,no,no,,,
D-D3d,Crypto,a,July,0,35,0,1,0,16,no,no,no,,,
D-D3d,Crypto,b,July,,,,,,,no,no,no,,,
D-A4a,Crypto,a,July,,,,,,,no,no,no,1,,
D-A4a,Crypto,b,July,,,,,,,no,no,no,,,
D-A4b,Crypto,a,July,1,16,,,2,26,yes ,no,no,1,,
D-A4b,Crypto,b,July,1,6,0,2,0,3,yes,no,no,,,
D-A4c,Crypto,a,July,0,1,0,1,0,1,no,no,no,,,
D-A4c,Crypto,b,July,0,5,0,10,0,6,yes,no,no,,,
D-A4d,Crypto,a,July,,,,,,,no,no,no,,,
D-A4d,Crypto,b,July,,,,,,,no,no,no,,,
D-B4a,Crypto,a,July,0,4,0,7,0,12,no,no,no,0,,
D-B4a,Crypto,b,July,0,43,0,50,0,28,yes,no,no,,,
D-B4b,Crypto,a,July,0,0,0,0,0,0,no,no,no,1,,
D-B4b,Crypto,b,July,0,5,0,7,0,1,no,no,no,,,
D-B4c,Crypto,a,July,0,6,0,2,0,1,no,no,no,,,
D-B4c,Crypto,b,July,0,3,0,2,0,0,no,no,no,,,
D-B4d,Crypto,a,July,0,23,0,10,0,8,no,no,no,,,
D-B4d,Crypto,b,July,0,5,0,11,0,2,no,no,no,,,
D-C4a,Crypto,a,July,0,1,0,3,0,0,yes,no,no,1,,
D-C4a,Crypto,b,July,,,,,,,no,no,no, ,,
D-C4b,Crypto,a,July,0,1,0,0,0,0,no,no,no,0,,
D-C4b,Crypto,b,July,,,,,,,no,no,no,,,
D-C4c,Crypto,a,July,0,0,0,0,0,0,no,no,no,,,
D-C4c,Crypto,b,July,,,,,,,no,no,no,,,
D-C4d,Crypto,a,July,0,0,0,2,1,0,no,no,no,,,
D-C4d,Crypto,b,July,,,,,,,no,no,no,,,
D-D4a,Crypto,a,July,0,24,0,25,1,14,yes,no,no,4,,
D-D4a,Crypto,b,July,,,,,,,no,no,no,,,
D-D4b,Crypto,a,July,0,36,1,56,0,19,yes,no,no,1,,
D-D4b,Crypto,b,July,,,,,,,no,no,no,,,
D-D4c,Crypto,a,July,0,7,1,9,1,16,yes,no,no,,,
D-D4c,Crypto,b,July,,,,,,,no,no,no,,,
D-D4d,Crypto,a,July,3,28,0,14,0,14,yes,no,no,,,
D-D4d,Crypto,b,July,,,,,,,no,no,no,,,
D-A1a,EHS,a,November,0,0,0,0,0,0,no,no,no,,,
D-A1a,EHS,b,November,0,0,0,0,0,0,no,no,no,,,
D-A1b,EHS,a,November,0,0,0,0,0,0,no,no,no,,,
D-A1b,EHS,b,November,0,0,0,0,0,0,no,no,no,,,
D-A1c,EHS,a,November,0,0,0,0,0,0,no,no,no,,,
D-A1c,EHS,b,November,0,0,0,0,0,0,no,no,no,,,
D-A1d,EHS,a,November,0,0,0,0,0,0,no,no,no,,,
D-A1d,EHS,b,November,0,0,0,0,0,0,no,no,no,,,
D-B1a,EHS,a,November,0,0,0,0,0,0,no,no,no,0,,
D-B1a,EHS,b,November,0,0,0,0,0,0,no,no,no,,,
D-B1b,EHS,a,November,0,0,0,0,0,0,no,no,no,,,
D-B1b,EHS,b,November,0,0,0,0,0,0,no,no,no,0,,
D-B1c,EHS,a,November,0,0,0,0,0,0,no,no,no,,,
D-B1c,EHS,b,November,0,0,0,0,0,0,no,no,no,,,
D-B1d,EHS,a,November,0,0,0,0,0,0,no,no,no,,,
D-B1d,EHS,b,November,0,0,0,0,0,0,no,no,no,,,
D-C1a,EHS,a,November,0,0,0,0,0,0,no,no,no,2,,
D-C1a,EHS,b,November,0,0,0,0,0,0,no,no,no,,,
D-C1b,EHS,a,November,0,0,0,0,0,0,no,no,no,1,,
D-C1b,EHS,b,November,0,0,0,0,0,0,no,no,no,,,
D-C1c,EHS,a,November,0,0,0,0,0,0,no,no,no,,,
D-C1c,EHS,b,November,0,0,0,0,0,0,no,no,no,,,
D-C1d,EHS,a,November,0,0,0,0,0,0,yes,no,no,,,
D-C1d,EHS,b,November,0,0,0,0,0,0,no,no,no,,,
D-D1a,EHS,a,November,7,13,3,12,2,3,no,no,no,0,,
D-D1a,EHS,b,November,2,0,1,6,0,3,no,no,no,,,
D-D1b,EHS,a,November,5,15,3,6,1,10,no,no,no,0,,
D-D1b,EHS,b,November,0,7,0,2,1,18,no,no,no,,,
D-D1c,EHS,a,November,0,0,0,0,0,0,no,no,no,,,
D-D1c,EHS,b,November,3,4,3,7,0,10,no,no,no,,,
D-D1d,EHS,a,November,8,12,6,9,11,7,no,no,no,,,
D-D1d,EHS,b,November,9,8,1,4,3,6,no,no,no,,,
D-A2a,EHS,a,November,0,0,0,0,0,0,no,no,no,1,,
D-A2a,EHS,b,November,0,0,0,0,0,0,no,no,no,,,
D-A2b,EHS,a,November,0,0,0,0,0,0,yes,no,no,1,,
D-A2b,EHS,b,November,0,0,0,0,0,0,no,no,no,,,
D-A2c,EHS,a,November,0,0,0,0,0,0,no,no,no,,,
D-A2c,EHS,b,November,0,0,0,0,0,0,no,no,no,,,
D-A2d,EHS,a,November,0,0,0,0,0,0,no,no,no,,,
D-A2d,EHS,b,November,0,0,0,0,0,0,no,no,no,,,
D-B2a,EHS,a,November,0,0,0,0,0,0,no,no,no,0,,
D-B2a,EHS,b,November,0,0,0,0,0,0,no,no,no,,,
D-B2b,EHS,a,November,0,0,0,0,0,0,no,no,no,1,,
D-B2b,EHS,b,November,0,0,0,0,0,0,no,no,no,,,
D-B2c,EHS,a,November,0,0,0,0,0,0,no,no,no,,,
D-B2c,EHS,b,November,0,0,0,0,0,0,no,no,no,,,
D-B2d,EHS,a,November,0,0,0,0,0,0,no,no,no,,,
D-B2d,EHS,b,November,0,1,0,0,0,0,no,no,no,,,
D-C2a,EHS,a,November,0,0,0,0,0,0,no,no,no,1,,
D-C2a,EHS,b,November,0,0,0,0,0,0,no,no,no,,,
D-C2b,EHS,a,November,0,0,0,0,0,0,no,no,no,0,,
D-C2b,EHS,b,November,0,0,0,0,0,0,no,no,no,,,
D-C2c,EHS,a,November,0,0,0,0,0,0,no,no,no,,,
D-C2c,EHS,b,November,0,0,0,0,0,0,no,no,no,,,
D-C2d,EHS,a,November,0,0,0,0,0,0,no,no,no,,,
D-C2d,EHS,b,November,0,0,0,0,0,0,no,no,no,,,
D-D2a,EHS,a,November,0,0,0,0,0,0,no,no,no,1,,
D-D2a,EHS,b,November,0,0,0,0,0,0,no,no,no,,,
D-D2b,EHS,a,November,0,0,0,0,0,0,no,no,no,0,,
D-D2b,EHS,b,November,0,0,0,0,0,0,no,no,no,,,
D-D2c,EHS,a,November,0,0,0,0,0,0,no,no,no,,,
D-D2c,EHS,b,November,0,0,0,0,0,0,no,no,no,,,
D-D2d,EHS,a,November,0,0,0,0,0,0,no,no,no,,,
D-D2d,EHS,b,November,0,0,0,0,0,0,no,no,no,,,
D-A3a,EHS,a,November,0,0,0,0,0,0,no,no,no,5,,
D-A3a,EHS,b,November,0,0,0,0,0,0,no,no,no,,,
D-A3b,EHS,a,November,0,0,0,0,0,0,no,no,no,3,,
D-A3b,EHS,b,November,0,0,0,0,0,0,no,no,no,,,
D-A3c,EHS,a,November,0,0,0,0,0,0,no,no,no,,,
D-A3c,EHS,b,November,0,0,0,0,0,0,no,no,no,,,
D-A3d,EHS,a,November,0,0,0,0,0,0,no,no,no,,,
D-A3d,EHS,b,November,0,0,0,0,0,0,no,no,no,,,
D-B3a,EHS,a,November,0,0,0,0,0,0,no,no,no,2,,
D-B3a,EHS,b,November,0,0,0,0,0,0,no,no,no,,,
D-B3b,EHS,a,November,0,0,0,0,0,0,no,no,no,1,,
D-B3b,EHS,b,November,0,0,0,0,0,0,no,no,no,,,
D-B3c,EHS,a,November,0,0,0,0,0,0,no,no,no,,,
D-B3c,EHS,b,November,0,0,0,0,0,0,no,no,no,,,
D-B3d,EHS,a,November,0,0,0,0,0,0,no,no,no,,,
D-B3d,EHS,b,November,0,0,0,0,0,0,no,no,no,,,
D-C3a,EHS,a,November,0,0,0,0,0,0,no,no,no,0,,
D-C3a,EHS,b,November,0,0,0,0,0,0,no,no,no,,,
D-C3b,EHS,a,November,0,0,0,0,0,0,no,no,no,0,,
D-C3b,EHS,b,November,0,0,0,0,0,0,no,no,no,,,
D-C3c,EHS,a,November,0,0,0,0,0,0,no,no,no,,,
D-C3c,EHS,b,November,0,0,0,0,0,0,no,no,no,,,
D-C3d,EHS,a,November,0,0,0,0,0,0,no,no,no,,,
D-C3d,EHS,b,November,0,0,0,0,0,0,no,no,no,,,
D-D3a,EHS,a,November,0,0,0,0,0,0,no,no,no,0,,
D-D3a,EHS,b,November,0,0,0,0,0,0,no,no,no,,,
D-D3b,EHS,a,November,0,0,0,0,0,0,no,no,no,,,
D-D3b,EHS,b,November,0,0,0,0,0,0,no,no,no,,,
D-D3c,EHS,a,November,0,0,0,0,0,0,no,no,no,,,
D-D3c,EHS,b,November,0,0,0,0,0,0,no,no,no,,,
D-D3d,EHS,a,November,0,0,0,0,0,0,no,no,no,,,
D-D3d,EHS,b,November,0,0,0,0,0,0,no,no,no,,,
D-A4a,EHS,a,November,0,0,0,0,0,0,no,no,no,1,,
D-A4a,EHS,b,November,0,0,0,0,0,0,no,no,no,,,
D-A4b,EHS,a,November,0,0,0,0,0,0,no,no,no,1,,
D-A4b,EHS,b,November,0,0,0,0,0,0,no,no,no,,,
D-A4c,EHS,a,November,0,0,0,0,0,0,no,no,no,,,
D-A4c,EHS,b,November,0,0,0,0,0,0,no,no,no,,,
D-A4d,EHS,a,November,0,0,0,0,0,0,no,no,no,,,
D-A4d,EHS,b,November,0,50,0,73,0,48,yes,no,no,,,
D-B4a,EHS,a,November,0,0,0,0,0,0,no,no,no,0,,
D-B4a,EHS,b,November,0,0,0,0,0,0,no,no,no,,,
D-B4b,EHS,a,November,0,0,0,0,0,0,no,no,no,1,,
D-B4b,EHS,b,November,0,0,0,0,0,0,no,no,no,,,
D-B4c,EHS,a,November,0,0,0,0,0,0,no,no,no,,,
D-B4c,EHS,b,November,0,0,0,0,0,0,no,no,no,,,
D-B4d,EHS,a,November,0,0,0,0,0,0,no,no,no,,,
D-B4d,EHS,b,November,0,0,0,0,0,0,no,no,no,,,
D-C4a,EHS,a,November,0,2,0,0,0,0,no,no,no,1,,
D-C4a,EHS,b,November,0,0,0,0,0,0,no,no,no, ,,
D-C4b,EHS,a,November,0,0,0,0,0,0,no,no,no,0,,
D-C4b,EHS,b,November,0,0,0,0,0,0,no,no,no,,,
D-C4c,EHS,a,November,0,0,0,0,0,0,no,no,no,,,
D-C4c,EHS,b,November,0,0,0,0,0,0,no,no,no,,,
D-C4d,EHS,a,November,0,0,0,0,0,0,no,no,no,,,
D-C4d,EHS,b,November,0,0,0,0,0,0,no,no,no,,,
D-D4a,EHS,a,November,0,0,0,0,0,0,no,no,no,4,,
D-D4a,EHS,b,November,0,1,2,1,1,2,no,no,no,,,
D-D4b,EHS,a,November,2,6,4,16,2,3,no,no,no,1,,
D-D4b,EHS,b,November,4,15,2,7,6,18,no,no,no,,,
D-D4c,EHS,a,November,14,22,1,15,14,31,no,no,no,,,
D-D4c,EHS,b,November,10,36,4,22,6,8,no,no,no,,,
D-D4d,EHS,a,November,10,20,9,20,5,16,no,no,no,,,
D-D4d,EHS,b,November,8,18,7,20,6,15,no,no,no,,,
D-A1a,Crypto,a,November,0,0,0,0,0,0,no,,no,,,
D-A1a,Crypto,b,November,0,0,0,0,0,0,no,,no,,,
D-A1b,Crypto,a,November,0,0,0,0,0,0,no,,no,,,
D-A1b,Crypto,b,November,0,0,0,0,0,0,no,,no,,,
D-A1c,Crypto,a,November,0,0,0,0,0,0,no,,no,,,
D-A1c,Crypto,b,November,0,0,0,0,0,0,no,,no,,,
D-A1d,Crypto,a,November,0,0,0,0,0,0,no,,no,,,
D-A1d,Crypto,b,November,0,0,0,0,0,0,no,,no,,,
D-B1a,Crypto,a,November,0,0,0,0,0,0,no,,no,0,"*in distance numbers v4, these were all zeros, so I think I made a mistake and these are the blue numbers below.",
D-B1a,Crypto,b,November,0,0,0,0,0,0,no,,no,,,
D-B1b,Crypto,a,November,0,0,0,0,0,0,no,,no,,,
D-B1b,Crypto,b,November,0,0,0,0,0,0,no,,no,0,,
D-B1c,Crypto,a,November,0,0,0,0,0,0,no,,no,,,
D-B1c,Crypto,b,November,0,0,0,0,0,0,no,,no,,,
D-B1d,Crypto,a,November,0,0,0,0,0,0,no,,no,,,
D-B1d,Crypto,b,November,0,0,0,0,0,0,no,,no,,,
D-C1a,Crypto,a,November,0,0,0,0,0,0,no,,no,2,,
D-C1a,Crypto,b,November,0,0,0,0,0,0,no,,no,,,
D-C1b,Crypto,a,November,0,0,0,0,0,0,no,,no,1,,
D-C1b,Crypto,b,November,0,0,0,0,0,0,no,,no,,,
D-C1c,Crypto,a,November,0,0,0,0,0,0,no,,no,,,
D-C1c,Crypto,b,November,0,0,0,0,0,0,no,,no,,,
D-C1d,Crypto,a,November,0,1,0,1,0,1,no,,no,,,
D-C1d,Crypto,b,November,0,0,0,0,0,0,no,,no,,,
D-D1a,Crypto,a,November,0,0,0,0,0,0,no,,no,0,,
D-D1a,Crypto,b,November,0,0,0,0,0,0,no,,no,,,
D-D1b,Crypto,a,November,0,0,0,0,0,0,no,,no,0,,
D-D1b,Crypto,b,November,0,0,0,0,0,0,no,,no,,,
D-D1c,Crypto,a,November,3,2,1,9,1,3,no,,no,,,
D-D1c,Crypto,b,November,0,0,0,0,0,0,no,,no,,,
D-D1d,Crypto,a,November,0,0,0,0,0,0,no,,no,,,
D-D1d,Crypto,b,November,0,0,0,0,0,0,no,,no,,,
D-A2a,Crypto,a,November,0,0,0,0,0,0,no,,no,1,,
D-A2a,Crypto,b,November,0,0,0,0,0,0,no,,no,,,
D-A2b,Crypto,a,November,0,17,0,3,0,11,no,,no,1,,
D-A2b,Crypto,b,November,0,0,0,0,0,0,no,,no,,,
D-A2c,Crypto,a,November,0,0,0,0,0,0,no,,no,,,
D-A2c,Crypto,b,November,0,0,0,0,0,0,no,,no,,,
D-A2d,Crypto,a,November,0,0,0,0,0,0,no,,no,,,
D-A2d,Crypto,b,November,0,0,0,0,0,0,no,,no,,,
D-B2a,Crypto,a,November,0,0,0,0,0,0,no,,no,0,,
D-B2a,Crypto,b,November,0,0,0,0,0,0,no,,no,,,
D-B2b,Crypto,a,November,0,0,0,0,0,0,no,,no,1,,
D-B2b,Crypto,b,November,0,0,0,0,0,0,no,,no,,,
D-B2c,Crypto,a,November,0,0,0,0,0,0,no,,no,,,
D-B2c,Crypto,b,November,0,0,0,0,0,0,no,,no,,,
D-B2d,Crypto,a,November,0,0,0,0,0,0,no,,no,,,
D-B2d,Crypto,b,November,0,0,0,0,0,0,no,,no,,,
D-C2a,Crypto,a,November,0,0,0,0,0,0,no,,no,1,,
D-C2a,Crypto,b,November,0,0,0,0,0,0,no,,no,,,
D-C2b,Crypto,a,November,0,0,0,0,0,0,no,,no,0,,
D-C2b,Crypto,b,November,0,0,0,0,0,0,no,,no,,,
D-C2c,Crypto,a,November,0,1,0,0,0,0,no,,no,,,
D-C2c,Crypto,b,November,0,1,0,0,0,0,no,,no,,,
D-C2d,Crypto,a,November,0,1,0,0,0,0,no,,no,,,
D-C2d,Crypto,b,November,0,1,0,0,0,0,no,,no,,,
D-D2a,Crypto,a,November,0,1,0,0,0,0,no,,no,1,,
D-D2a,Crypto,b,November,0,0,0,0,0,0,no,,no,,,
D-D2b,Crypto,a,November,0,0,0,0,0,0,no,,no,0,,
D-D2b,Crypto,b,November,0,0,0,0,0,0,no,,no,,,
D-D2c,Crypto,a,November,0,0,0,0,0,0,no,,no,,,
D-D2c,Crypto,b,November,0,0,0,0,0,0,no,,no,,,
D-D2d,Crypto,a,November,0,0,0,0,0,0,no,,no,,,
D-D2d,Crypto,b,November,0,12,0,20,0,14,yes,,no,,,
D-A3a,Crypto,a,November,0,0,0,0,0,0,no,,no,5,,
D-A3a,Crypto,b,November,0,0,0,0,0,0,no,,no,,,
D-A3b,Crypto,a,November,0,20,0,6,0,15,no,,no,3,,
D-A3b,Crypto,b,November,0,0,0,0,0,0,no,,no,,,
D-A3c,Crypto,a,November,0,6,1,20,0,16,no,,no,,,
D-A3c,Crypto,b,November,0,0,0,0,0,0,no,,no,,,
D-A3d,Crypto,a,November,0,0,0,0,0,0,no,,no,,,
D-A3d,Crypto,b,November,0,0,0,0,0,0,no,,no,,,
D-B3a,Crypto,a,November,0,26,0,30,0,23,yes,,no,2,,
D-B3a,Crypto,b,November,0,0,0,6,0,6,no,,no,,,
D-B3b,Crypto,a,November,0,0,0,0,0,0,no,,no,1,,
D-B3b,Crypto,b,November,0,0,0,0,0,0,no,,no,,,
D-B3c,Crypto,a,November,0,0,0,0,0,0,no,,no,,,
D-B3c,Crypto,b,November,0,0,0,0,0,0,no,,no,,,
D-B3d,Crypto,a,November,0,0,0,0,0,0,no,,no,,,
D-B3d,Crypto,b,November,0,0,0,0,0,0,no,,no,,,
D-C3a,Crypto,a,November,0,0,0,0,0,0,no,,no,0,,
D-C3a,Crypto,b,November,0,0,0,0,0,0,no,,no,,,
D-C3b,Crypto,a,November,0,0,0,0,0,0,no,,no,0,,
D-C3b,Crypto,b,November,0,0,0,0,0,0,no,,no,,,
D-C3c,Crypto,a,November,0,0,0,0,0,0,no,,no,,,
D-C3c,Crypto,b,November,0,0,0,0,0,0,no,,no,,,
D-C3d,Crypto,a,November,0,0,0,0,0,0,no,,no,,,
D-C3d,Crypto,b,November,0,0,0,0,0,7,yes,,no,,,
D-D3a,Crypto,a,November,0,0,0,0,0,0,no,,no,0,,
D-D3a,Crypto,b,November,0,0,0,0,0,0,no,,no,,,
D-D3b,Crypto,a,November,0,0,0,0,0,0,no,,no,,,
D-D3b,Crypto,b,November,0,0,0,0,0,0,no,,no,,,
D-D3c,Crypto,a,November,0,0,0,0,0,0,no,,no,,,
D-D3c,Crypto,b,November,0,0,0,0,0,0,no,,no,,scale on last years growth,
D-D3d,Crypto,a,November,0,0,0,0,0,0,no,,no,,,
D-D3d,Crypto,b,November,0,0,0,0,0,0,no,,no,,,
D-A4a,Crypto,a,November,0,0,0,0,0,0,no,,no,1,,
D-A4a,Crypto,b,November,0,0,0,0,0,0,no,,no,,,
D-A4b,Crypto,a,November,0,0,0,0,0,0,no,,no,1,,
D-A4b,Crypto,b,November,0,0,0,0,0,0,no,,no,,,
D-A4c,Crypto,a,November,0,0,0,0,0,0,no,,no,,,
D-A4c,Crypto,b,November,0,0,0,0,0,0,no,,no,,,
D-A4d,Crypto,a,November,0,0,0,0,0,0,no,,no,,,
D-A4d,Crypto,b,November,0,0,0,0,0,0,no,,no,,,
D-B4a,Crypto,a,November,0,0,0,0,0,0,no,,no,0,,
D-B4a,Crypto,b,November,0,0,0,0,0,0,no,,no,,,
D-B4b,Crypto,a,November,0,0,0,0,0,0,no,,no,1,,
D-B4b,Crypto,b,November,0,0,0,0,0,0,no,,no,,,
D-B4c,Crypto,a,November,0,18,1,33,2,44,yes,,no,,,
D-B4c,Crypto,b,November,0,6,0,4,0,8,no,,no,,,
D-B4d,Crypto,a,November,0,0,0,0,0,0,no,,no,,,
D-B4d,Crypto,b,November,0,0,0,0,0,0,no,,no,,,
D-C4a,Crypto,a,November,0,0,0,0,0,0,no,,no,1,,
D-C4a,Crypto,b,November,0,0,0,0,0,0,no,,no, ,,
D-C4b,Crypto,a,November,1,0,0,5,0,5,no,,no,0,,
D-C4b,Crypto,b,November,0,0,0,0,0,0,no,,no,,,
D-C4c,Crypto,a,November,0,0,0,0,0,0,no,,no,,,
D-C4c,Crypto,b,November,0,0,0,0,0,0,no,,no,,,
D-C4d,Crypto,a,November,0,0,0,0,0,0,no,,no,,,
D-C4d,Crypto,b,November,0,0,0,0,0,0,no,,no,,,
D-D4a,Crypto,a,November,0,0,0,0,0,0,no,,no,4,"This was originally blank, which was a mistake, looking at the numbers it should have been B4a-d",
D-D4a,Crypto,b,November,0,0,0,0,0,0,no,,no,,,
D-D4b,Crypto,a,November,0,0,0,0,0,0,no,,no,1,,
D-D4b,Crypto,b,November,0,0,0,0,0,0,no,,no,,,
D-D4c,Crypto,a,November,0,0,0,0,0,0,no,,no,,,
D-D4c,Crypto,b,November,0,0,0,0,0,0,no,,no,,,
D-D4d,Crypto,a,November,0,0,0,0,0,0,no,,no,,,
D-D4d,Crypto,b,November,0,0,0,0,0,0,no,,no,,,
,,,,,,,,,,,,,,,