Label of tree,County,Twig a or b,Date,Counter,Live scale shoot 1,dead scale shoot 1,Live scale shoot 2,dead scale shoot 2,Live scale shoot 3,dead scale shoot 3,presence of parasitism ,presence of fungus,scale on new growth?,Encarsia
M-A1a,Mitchell,b,July,Jill,1,1,0,3,0,3,yes,,,20
M-A1a,Mitchell,a,July,Jill,0,0,0,0,0,0,,,,20
M-A1b,Mitchell,b,July,Jill,1,4,4,3,6,13,yes,,yes,7
M-A1b,Mitchell,a,July,Jill,0,0,0,0,0,0,,,,7
M-A1c,Mitchell,b,July,Jill,8,2,4,7,0,5,,yes,,
M-A1c,Mitchell,a,July,Jill,1,0,3,7,1,5,,,,
M-A1d,Mitchell,b,July,Jill,2,3,2,5,1,1,yes,,,
M-A1d,Mitchell,a,July,Jill,0,1,0,1,1,3,,,yes,
M-A2a,Mitchell,b,July,Jill,5,8,4,4,3,8,yes,,yes,10
M-A2a,Mitchell,a,July,Jill,2,8,2,1,0,1,yes,,yes,10
M-A2b,Mitchell,a,July,Jill,0,4,1,4,0,2,yes,,,3
M-A2b,Mitchell,b,July,Jill,0,0,2,1,0,0,,,,3
M-A2c,Mitchell,a,July,Jill,7,23,8,15,3,13,yes,yes,yes,
M-A2c,Mitchell,b,July,Jill,4,12,0,8,2,7,yes,,,
M-A2d,Mitchell,b,July,Jill,4,3,8,4,3,2,yes,,yes,
M-A2d,Mitchell,a,July,Jill,0,3,0,1,0,1,yes,,,
M-A3a,Mitchell,a,July,Jill,1,1,0,2,0,1,yes,,yes,11
M-A3a,Mitchell,b,July,Jill,1,10,0,5,0,10,,yes,,11
M-A3b,Mitchell,b,July,Jill,1,21,4,18,0,19,yes,,yes,15
M-A3b,Mitchell,a,July,Jill,0,43,0,30,1,35,yes,yes,yes,15
M-A3c,Mitchell,b,July,Jill,2,21,0,18,0,15,yes,yes,,
M-A3c,Mitchell,a,July,Jill,0,18,0,3,0,23,yes,,,
M-A3d,Mitchell,a,July,Jill,0,4,0,4,0,8,yes,,yes,
M-A3d,Mitchell,b,July,Jill,0,7,0,12,0,11,,,yes,
M-A4a,Mitchell,b,July,Jill,1,18,0,5,1,5,yes,yes,yes,95
M-A4a,Mitchell,a,July,Jill,0,17,1,27,2,29,yes,yes,yes,95
M-A4b,Mitchell,a,July,Jill,0,0,0,0,0,0,,,,24
M-A4b,Mitchell,b,July,Jill,0,1,0,0,0,1,,,,24
M-A4c,Mitchell,a,July,Jill,19,38,0,44,2,44,yes,yes,yes,
M-A4c,Mitchell,b,July,Jill,2,0,1,11,0,12,,,,
M-A4d,Mitchell,a,July,Jill,0,5,0,0,0,1,,,,
M-A4d,Mitchell,b,July,Jill,0,3,0,1,2,2,,,,
M-B1a,Mitchell,b,July,Jill,5,6,7,12,6,11,yes,yes,yes,148
M-B1a,Mitchell,a,July,Jill,4,13,1,40,4,20,yes,yes,yes,148
M-B1b,Mitchell,a,July,Jill,2,1,0,0,1,1,,,yes,20
M-B1b,Mitchell,b,July,Jill,1,1,0,2,2,0,yes,,,20
M-B1c,Mitchell,a,July,Jill,0,0,0,0,0,0,,,,
M-B1c,Mitchell,b,July,Jill,0,0,0,1,2,1,yes,,,
M-B1d,Mitchell,a,July,Jill,0,2,1,1,2,1,yes,,yes,
M-B1d,Mitchell,b,July,Jill,0,0,0,0,0,0,,,,
M-B2a,Mitchell,a,July,Jill,0,2,1,6,0,0,yes,,,62
M-B2a,Mitchell,b,July,Jill,0,4,0,13,0,6,yes,,yes,62
M-B2b,Mitchell,b,July,Jill,5,7,8,12,2,3,yes,,yes,37
M-B2b,Mitchell,a,July,Jill,2,4,2,24,3,19,,yes,yes,37
M-B2c,Mitchell,a,July,Jill,0,7,0,0,0,20,,,,
M-B2c,Mitchell,b,July,Jill,0,2,0,0,0,0,,,,
M-B2d,Mitchell,a,July,Jill,0,7,2,4,1,2,yes,,,
M-B2d,Mitchell,b,July,Jill,0,3,0,6,0,2,,,yes,
M-B3a,Mitchell,a,July,Jill,0,1,0,0,0,0,,,,24
M-B3a,Mitchell,b,July,Jill,0,0,0,0,1,0,,,,24
M-B3b,Mitchell,a,July,Jill,0,0,0,0,0,0,,,,21
M-B3b,Mitchell,b,July,Jill,0,0,0,0,0,3,yes,,yes,21
M-B3c,Mitchell,a,July,Jill,0,0,2,0,0,0,,,yes,
M-B3c,Mitchell,b,July,Jill,0,3,2,0,0,2,yes,,yes,
M-B3d,Mitchell,a,July,Jill,3,4,2,1,0,1,yes,,,
M-B3d,Mitchell,b,July,Jill,1,1,1,1,1,1,yes,,,
M-B4a,Mitchell,a,July,Jill,0,3,1,0,1,0,,,yes,25
M-B4a,Mitchell,b,July,Jill,0,0,0,0,0,0,,,,25
M-B4b,Mitchell,b,July,Jill,6,5,5,10,0,10,yes,,yes,71
M-B4b,Mitchell,a,July,Jill,1,14,0,17,0,13,yes,yes,yes,71
M-B4c,Mitchell,a,July,Jill,1,0,0,0,0,1,yes,,,
M-B4c,Mitchell,b,July,Jill,1,2,0,0,0,0,yes,,yes,
M-B4d,Mitchell,b,July,Jill,2,8,1,10,1,6,yes,yes,yes,
M-B4d,Mitchell,a,July,Jill,1,5,2,14,4,9,yes,yes,yes,
M-C1a,Mitchell,a,July,Jill,0,4,,,,,,,,5
M-C1a,Mitchell,b,July,Jill,0,0,,,,,,,,5
M-C1b,Mitchell,a,July,Jill,5,10,6,15,2,7,,,yes,16
M-C1b,Mitchell,b,July,Jill,0,1,2,5,0,5,,,yes,16
M-C1c,Mitchell,a,July,Jill,3,2,,,,,,,,
M-C1c,Mitchell,b,July,Jill,2,15,1,20,2,9,,,yes,
M-C1d,Mitchell,a,July,Jill,2,7,6,2,0,2,,,yes,
M-C1d,Mitchell,b,July,Jill,0,0,0,9,,,,,,
M-C2a,Mitchell,b,July,Jill,2,7,2,19,,,yes,,yes,8
M-C2a,Mitchell,a,July,Jill,1,18,,,,,yes,,yes,8
M-C2b,Mitchell,b,July,Jill,9,25,,,,,,,,
M-C2b,Mitchell,a,July,Jill,0,17,0,28,2,18,yes,,yes,
M-C2c,Mitchell,a,July,Jill,0,4,,,,,yes,,yes,
M-C2c,Mitchell,b,July,Jill,0,5,,,,,yes,,yes,
M-C2d,Mitchell,a,July,Jill,0,7,0,7,0,0,yes,,yes,
M-C2d,Mitchell,b,July,Jill,0,9,,,,,,,yes,
M-C3a,Mitchell,a,July,Jill,3,5,0,7,0,3,yes,yes,yes,12
M-C3a,Mitchell,b,July,Jill,3,15,0,11,0,7,,,yes,12
M-C3b,Mitchell,a,July,Jill,0,1,,,,,,,,27
M-C3b,Mitchell,b,July,Jill,0,0,0,3,,,,,,27
M-C3c,Mitchell,b,July,Jill,2,12,2,6,0,4,yes,,yes,
M-C3c,Mitchell,a,July,Jill,0,1,0,1,0,1,yes,,,
M-C3d,Mitchell,a,July,Jill,0,0,,,,,,,,
M-C3d,Mitchell,b,July,Jill,0,0,0,6,0,13,yes,yes,yes,
M-C4a,Mitchell,b,July,Jill,1,2,0,4,5,4,yes,,yes,34
M-C4a,Mitchell,a,July,Jill,0,1,3,1,,,yes,,yes,34
M-C4b,Mitchell,a,July,Jill,0,4,0,0,0,0,yes,,yes,39
M-C4b,Mitchell,b,July,Jill,0,2,0,1,0,1,yes,,yes,39
M-C4c,Mitchell,a,July,Jill,0,1,0,0,0,1,yes,,,
M-C4c,Mitchell,b,July,Jill,0,4,0,6,2,15,yes,,yes,
M-C4d,Mitchell,a,July,Jill,1,3,,,,,,,,
M-C4d,Mitchell,b,July,Jill,0,6,1,4,0,8,,,yes,
M-D1a,Mitchell,b,July,Jill,8,3,2,3,2,28,yes,,yes,58
M-D1a,Mitchell,a,July,Jill,0,0,1,24,4,11,yes,yes,,58
M-D1b,Mitchell,b,July,Jill,9,12,12,16,7,10,yes,,yes,30
M-D1b,Mitchell,a,July,Jill,3,14,3,7,6,16,yes,,yes,30
M-D1c,Mitchell,b,July,Jill,2,8,1,4,2,13,yes,,,
M-D1c,Mitchell,a,July,Jill,1,0,0,0,0,0,,,,
M-D1d,Mitchell,a,July,Jill,0,1,0,0,0,1,yes,yes,,
M-D1d,Mitchell,b,July,Jill,0,2,0,2,0,0,yes,,yes,
M-D2a,Mitchell,a,July,Jill,0,4,0,2,0,2,yes,yes,,34
M-D2a,Mitchell,b,July,Jill,0,1,1,2,0,2,,,yes,34
M-D2b,Mitchell,a,July,Jill,0,0,,,,,,,,151
M-D2b,Mitchell,b,July,Jill,0,3,0,20,0,0,yes,,,151
M-D2c,Mitchell,a,July,Jill,0,23,2,36,0,12,yes,,yes,
M-D2c,Mitchell,b,July,Jill,0,7,0,19,1,0,,,yes,
M-D2d,Mitchell,a,July,Jill,0,12,1,6,1,8,yes,,yes,
M-D2d,Mitchell,b,July,Jill,0,2,0,0,0,0,,,,
M-D3a,Mitchell,a,July,Jill,2,9,0,6,0,13,yes,yes,yes,16
M-D3a,Mitchell,b,July,Jill,1,13,2,9,5,4,yes,,yes,16
M-D3b,Mitchell,a,July,Jill,0,0,0,5,3,9,,,,7
M-D3b,Mitchell,b,July,Jill,0,2,2,0,0,3,,,,7
M-D3c,Mitchell,a,July,Jill,0,5,0,0,0,3,yes,yes,,
M-D3c,Mitchell,b,July,Jill,0,9,0,7,2,3,,yes,yes,
M-D3d,Mitchell,a,July,Jill,4,1,0,9,0,1,,,,
M-D3d,Mitchell,b,July,Jill,0,9,0,7,1,19,,,yes,
M-D4a,Mitchell,a,July,Jill,2,10,3,1,,,yes,yes,yes,34
M-D4a,Mitchell,b,July,Jill,0,9,1,9,0,3,yes,yes,yes,34
M-D4b,Mitchell,a,July,Jill,3,13,3,15,2,7,yes,,yes,136
M-D4b,Mitchell,b,July,Jill,2,34,12,35,5,22,yes,yes,yes,136
M-D4c,Mitchell,a,July,Jill,2,10,0,10,0,7,yes,yes,yes,
M-D4c,Mitchell,b,July,Jill,0,1,0,0,,,,yes,,
M-D4d,Mitchell,b,July,Jill,2,1,1,5,0,0,yes,yes,yes,
M-D4d,Mitchell,a,July,Jill,0,0,1,0,0,0,,,,
M-E1a,Mitchell,a,July,Jill,0,0,5,1,0,0,,,,18
M-E1a,Mitchell,b,July,Jill,0,1,0,1,0,0,,yes,yes,18
M-E1b,Mitchell,a,July,Jill,0,0,0,0,0,0,,,,26
M-E1b,Mitchell,b,July,Jill,0,0,2,2,0,1,yes,,yes,26
M-E1c,Mitchell,a,July,Jill,2,0,0,0,0,0,,,,
M-E1c,Mitchell,b,July,Jill,0,0,0,0,0,2,,,,
M-E1d,Mitchell,a,July,Jill,1,0,1,4,6,0,yes,,yes,
M-E1d,Mitchell,b,July,Jill,0,4,1,16,1,19,yes,,yes,
M-E2a,Mitchell,a,July,Jill,0,0,0,0,0,0,,,,10
M-E2a,Mitchell,b,July,Jill,0,0,0,0,0,0,,,,10
M-E2b,Mitchell,a,July,Jill,0,3,1,2,0,0,,,,19
M-E2b,Mitchell,b,July,Jill,0,1,0,4,0,0,,,,19
M-E2c,Mitchell,a,July,Jill,0,21,7,6,3,12,yes,,yes,
M-E2c,Mitchell,b,July,Jill,0,7,2,17,0,1,yes,,yes,
M-E2d,Mitchell,a,July,Jill,0,18,0,6,1,11,yes,yes,yes,
M-E2d,Mitchell,b,July,Jill,0,1,2,4,0,1,yes,,yes,
M-E3a,Mitchell,a,July,Jill,0,0,0,0,0,0,,,,19
M-E3a,Mitchell,b,July,Jill,0,2,0,0,0,2,,,,19
M-E3b,Mitchell,a,July,Jill,0,1,3,7,1,0,,,,16
M-E3b,Mitchell,b,July,Jill,0,0,0,11,0,0,,,,16
M-E3c,Mitchell,a,July,Jill,2,8,8,12,4,10,,,yes,
M-E3c,Mitchell,b,July,Jill,0,1,0,0,0,0,,,,
M-E3d,Mitchell,a,July,Jill,3,12,0,21,0,1,,,yes,
M-E3d,Mitchell,b,July,Jill,0,1,0,2,0,0,,,,
M-E4a,Mitchell,a,July,Jill,1,3,0,4,0,2,yes,,,18
M-E4a,Mitchell,b,July,Jill,0,2,1,4,1,3,yes,,yes,18
M-E4b,Mitchell,b,July,Jill,7,3,1,3,0,1,yes,,,47
M-E4b,Mitchell,a,July,Jill,0,1,1,0,1,0,yes,,,47
M-E4c,Mitchell,a,July,Jill,5,8,1,4,1,8,yes,,yes,
M-E4c,Mitchell,b,July,Jill,0,9,1,10,5,4,yes,,yes,
M-E4d,Mitchell,a,July,Jill,8,13,0,24,4,12,yes,yes,yes,
M-E4d,Mitchell,b,July,Jill,0,0,0,0,0,0,,,,
M-F1a,Mitchell,a,July,Jill,0,1,0,0,1,2,yes,,yes,94
M-F1a,Mitchell,b,July,Jill,0,0,0,1,,,yes,,,94
M-F1b,Mitchell,a,July,Jill,5,12,,,,,yes,yes,yes,53
M-F1b,Mitchell,b,July,Jill,0,0,0,0,1,2,,,yes,53
M-F1c,Mitchell,a,July,Jill,0,3,0,4,0,0,yes,,yes,
M-F1c,Mitchell,b,July,Jill,0,14,0,6,0,1,yes,yes,yes,
M-F1d,Mitchell,a,July,Jill,4,18,,,,,yes,,yes,
M-F1d,Mitchell,b,July,Jill,2,16,7,18,2,27,yes,,yes,
M-F2a,Mitchell,b,July,Jill,5,10,4,2,0,10,yes,,yes,43
M-F2a,Mitchell,a,July,Jill,4,5,2,17,0,0,yes,,yes,43
M-F2b,Mitchell,a,July,Jill,0,6,0,11,0,13,yes,,yes,86
M-F2b,Mitchell,b,July,Jill,0,7,1,10,0,16,yes,,yes,86
M-F2c,Mitchell,a,July,Jill,1,2,2,10,0,13,yes,,yes,
M-F2c,Mitchell,b,July,Jill,0,12,0,4,0,17,yes,,yes,
M-F2d,Mitchell,b,July,Jill,2,9,3,5,0,0,yes,,yes,
M-F2d,Mitchell,a,July,Jill,0,0,2,5,0,0,yes,,yes,
M-F3a,Mitchell,a,July,Jill,4,1,1,1,5,3,yes,,yes,33
M-F3a,Mitchell,b,July,Jill,0,2,0,0,0,0,,,yes,33
M-F3b,Mitchell,b,July,Jill,5,4,1,8,4,5,yes,,yes,5
M-F3b,Mitchell,a,July,Jill,0,5,0,3,2,6,,,yes,5
M-F3c,Mitchell,b,July,Jill,4,3,1,11,,,yes,,,
M-F3c,Mitchell,a,July,Jill,0,5,,,,,,,,
M-F3d,Mitchell,a,July,Jill,1,12,0,6,1,15,yes,,yes,
M-F3d,Mitchell,b,July,Jill,0,8,1,15,0,9,yes,yes,yes,
M-F4a,Mitchell,b,July,Jill,1,11,2,16,2,1,yes,yes,yes,62
M-F4a,Mitchell,a,July,Jill,0,6,1,19,0,7,yes,yes,yes,62
M-F4b,Mitchell,a,July,Jill,1,0,,,,,,,,75
M-F4b,Mitchell,b,July,Jill,0,6,2,1,0,4,yes,,yes,75
M-F4c,Mitchell,b,July,Jill,2,5,0,5,1,4,yes,yes,yes,
M-F4c,Mitchell,a,July,Jill,0,2,0,2,1,0,yes,,yes,
M-F4d,Mitchell,b,July,Jill,7,2,0,6,0,3,yes,yes,yes,
M-F4d,Mitchell,a,July,Jill,2,5,0,17,,,yes,,,
S-A1a,Ashe,a,July,,,,,,,,,,,1
S-A1a,Ashe,b,July,,,,,,,,,,,1
S-A1b,Ashe,b,July,Blake,12,10,1,7,2,7,,,,1
S-A1b,Ashe,a,July,Blake,0,1,2,2,0,0,,,,1
S-A1c,Ashe,a,July,Blake,0,0,6,1,0,3,,,,
S-A1c,Ashe,b,July,Blake,0,2,0,1,0,1,,,,
S-A1d,Ashe,a,July,Blake,1,4,4,1,2,5,,yes,,
S-A1d,Ashe,b,July,,,,,,,,,,,
S-A2a,Ashe,a,July,Blake,0,0,3,5,0,0,,,,3
S-A2a,Ashe,b,July,Blake,0,0,2,0,0,0,,,,3
S-A2b,Ashe,a,July,Blake,0,5,4,6,0,5,,,,3
S-A2b,Ashe,b,July,Blake,0,0,0,0,0,0,,,,3
S-A2c,Ashe,a,July,Blake,0,3,4,5,5,9,,,,
S-A2c,Ashe,b,July,Blake,0,0,0,0,0,0,,,,
S-A2d,Ashe,a,July,Blake,1,6,3,4,4,6,,,,
S-A2d,Ashe,b,July,Blake,0,0,0,1,0,1,,,,
S-A3a,Ashe,b,July,Blake,3,18,3,24,0,26,,yes,,1
S-A3a,Ashe,a,July,Blake,2,4,3,9,3,12,,,,1
S-A3b,Ashe,a,July,Paige,0,1,0,1,0,1,N,,N,0
S-A3b,Ashe,b,July,Paige,0,0,0,0,0,1,N,,N,0
S-A3c,Ashe,b,July,Blake,15,12,4,13,2,13,,,,
S-A3c,Ashe,a,July,Blake,13,9,16,15,16,23,,,,
S-A3d,Ashe,a,July,Jill,2,14,2,23,5,20,yes,,yes,
S-A3d,Ashe,b,July,Jill,0,1,0,4,1,3,,,,
S-A4a,Ashe,a,July,Blake,0,0,0,0,0,0,,,,0
S-A4a,Ashe,b,July,Blake,0,0,0,4,0,0,,yes,,0
S-A4b,Ashe,a,July,Blake,2,4,2,2,0,2,,,,2
S-A4b,Ashe,b,July,Blake,0,0,0,1,0,2,,,,2
S-A4c,Ashe,a,July,Jill,0,1,0,0,0,0,yes,,,
S-A4c,Ashe,b,July,Jill,0,0,0,0,0,0,,,,
S-A4d,Ashe,a,July,Jill,,,,,,,,,,
S-A4d,Ashe,b,July,Jill,,,,,,,,,,
S-B1a,Ashe,b,July,Jill,10,6,8,7,5,16,yes,,yes,1
S-B1a,Ashe,a,July,Jill,3,8,4,9,2,9,yes,,yes,1
S-B1b,Ashe,a,July,Jill,3,12,,,,,yes,,,0
S-B1b,Ashe,b,July,Jill,1,2,1,1,3,5,yes,,,0
S-B1c,Ashe,a,July,Paige,7,36,6,32,19,52,N,,Y,
S-B1c,Ashe,b,July,Paige,5,25,4,44,0,16,N,,N,
S-B1d,Ashe,b,July,Jill,8,8,,,,,yes,,yes,
S-B1d,Ashe,a,July,Jill,1,0,,,,,,,,
S-B2a,Ashe,a,July,Jill,0,0,0,0,0,,,,,1
S-B2a,Ashe,b,July,Jill,0,9,,,,,yes,,yes,1
S-B2b,Ashe,b,July,Jill,4,3,2,0,1,0,yes,,yes,2
S-B2b,Ashe,a,July,Jill,0,3,2,10,3,5,yes,,yes,2
S-B2c,Ashe,a,July,,,,,,,,,,,
S-B2c,Ashe,b,July,,,,,,,,,,,
S-B2d,Ashe,a,July,Jill,2,2,0,1,,,yes,,yes,
S-B2d,Ashe,b,July,Jill,2,4,0,2,2,2,yes,,yes,
S-B3a,Ashe,b,July,Paige,9,30,7,21,0,2,N,,N,1
S-B3a,Ashe,a,July,Paige,5,18,9,18,7,27,N,,N,1
S-B3b,Ashe,a,July,Jill,3,7,,,,,,,yes,1
S-B3b,Ashe,b,July,Jill,0,3,0,8,0,1,,,,1
S-B3c,Ashe,a,July,Jill,0,1,0,0,1,3,,,,
S-B3c,Ashe,b,July,Jill,0,1,1,2,0,0,,,,
S-B3d,Ashe,a,July,Jill,0,0,,,,,,,,
S-B3d,Ashe,b,July,Jill,0,1,0,0,,,,,,
S-B4a,Ashe,a,July,Jill,0,2,0,0,0,0,yes,,yes,7
S-B4a,Ashe,b,July,,,,,,,,,,,7
S-B4b,Ashe,a,July,Jill,15,32,10,20,13,10,yes,,yes,2
S-B4b,Ashe,b,July,Jill,,,,,,,,,,2
S-B4c,Ashe,a,July,Jill,2,4,1,2,0,6,yes,,,
S-B4c,Ashe,b,July,Jill,0,1,0,1,0,0,yes,,,
S-B4d,Ashe,b,July,Jill,4,10,0,5,0,3,yes,,,
S-B4d,Ashe,a,July,Jill,0,0,0,0,0,0,,,,
S-C1a,Ashe,a,July,Paige,0,1,0,0,0,0,N,,N,0
S-C1a,Ashe,b,July,Paige,,,,,,,,,,0
S-C1b,Ashe,a,July,Paige,0,3,7,1,0,2,Y,,N,3
S-C1b,Ashe,b,July,Paige,,,,,,,,,,3
S-C1c,Ashe,a,July,Blake,0,0,0,3,0,2,,,,
S-C1c,Ashe,b,July,Blake,0,4,0,3,0,1,,,,
S-C1d,Ashe,a,July,Paige,8,26,2,6,4,37,N,,N,
S-C1d,Ashe,b,July,,,,,,,,,,,
S-C2a,Ashe,a,July,Blake,5,15,0,16,0,10,,,,4
S-C2a,Ashe,b,July,,,,,,,,,,,4
S-C2b,Ashe,a,July,Blake,1,11,0,6,3,5,,,,3
S-C2b,Ashe,b,July,,,,,,,,,,,3
S-C2c,Ashe,a,July,Blake,0,0,0,2,0,3,,,,
S-C2c,Ashe,b,July,,,,,,,,,,,
S-C2d,Ashe,a,July,Jill,3,2,4,2,1,0,yes,,,
S-C2d,Ashe,b,July,Jill,,,,,,,,,,
S-C3a,Ashe,a,July,Jill,0,0,0,0,0,1,,,,
S-C3a,Ashe,b,July,,,,,,,,,,,
S-C3b,Ashe,a,July,Blake,3,9,0,12,1,5,,,,
S-C3b,Ashe,b,July,,,,,,,,,,,
S-C3c,Ashe,a,July,Jill,0,0,0,0,0,0,,,,
S-C3c,Ashe,b,July,,,,,,,,,,,
S-C3d,Ashe,a,July,Jill,1,0,0,0,0,0,,,,
S-C3d,Ashe,b,July,,,,,,,,,,,
S-C4a,Ashe,a,July,Jill,7,13,5,9,8,9,yes,,,4
S-C4a,Ashe,b,July,,,,,,,,,,,4
S-C4b,Ashe,a,July,Jill,6,0,2,5,1,5,,,,3
S-C4b,Ashe,b,July,,,,,,,,,,,3
S-C4c,Ashe,a,July,Paige,0,0,2,7,3,9,N,N,Y,
S-C4c,Ashe,b,July,Paige,0,3,,,,,N,N,N,
S-C4d,Ashe,a,July,Jill,13,8,10,11,12,9,yes,,yes,
S-C4d,Ashe,b,July,,,,,,,,,,,
S-D1a,Ashe,b,July,Jill,2,5,5,1,1,0,yes,,yes,9
S-D1a,Ashe,a,July,Jill,0,1,0,1,0,0,yes,,,9
S-D1b,Ashe,a,July,Jill,14,15,8,6,9,13,yes,,yes,14
S-D1b,Ashe,b,July,Jill,1,8,4,6,,,yes,,,14
S-D1c,Ashe,a,July,Jill,2,8,0,1,5,6,yes,,yes,
S-D1c,Ashe,b,July,Jill,2,1,2,2,0,1,yes,,yes,
S-D1d,Ashe,a,July,Jill,0,0,0,0,0,1,yes,,yes,
S-D1d,Ashe,b,July,Jill,0,0,0,1,0,1,yes,,yes,
S-D2a,Ashe,b,July,Jill,1,1,0,0,0,0,yes,,,0
S-D2a,Ashe,a,July,Jill,0,0,0,0,0,0,,,,0
S-D2b,Ashe,a,July,Jill,5,2,0,0,0,0,yes,,,1
S-D2b,Ashe,b,July,Jill,0,0,0,0,1,0,,,,1
S-D2c,Ashe,a,July,Jill,0,2,3,7,6,2,yes,,yes,
S-D2c,Ashe,b,July,Jill,0,1,0,0,0,0,,,,
S-D2d,Ashe,a,July,Jill,1,3,0,2,0,2,,,,
S-D2d,Ashe,b,July,Jill,0,0,0,1,0,0,yes,,,
S-D3a,Ashe,a,July,Jill,0,10,3,25,3,7,yes,,yes,3
S-D3a,Ashe,b,July,,,,,,,,,,,3
S-D3b,Ashe,b,July,Jill,1,7,0,0,0,2,yes,,,1
S-D3b,Ashe,a,July,Jill,0,0,0,0,0,0,,,,1
S-D3c,Ashe,a,July,Jill,2,1,0,1,0,0,yes,,,
S-D3c,Ashe,b,July,Jill,0,3,1,4,0,0,,,,
S-D3d,Ashe,a,July,Jill,0,0,0,0,0,0,,,,
S-D3d,Ashe,b,July,Jill,0,0,0,0,0,0,,,,
S-D4a,Ashe,a,July,,,,,,,,,,,0
S-D4a,Ashe,b,July,,,,,,,,,,,0
S-D4b,Ashe,b,July,Paige,6,22,5,12,4,10,N,N,Y,2
S-D4b,Ashe,a,July,Paige,4,4,4,2,2,8,N,N,N,2
S-D4c,Ashe,a,July,,,,,,,,,,,
S-D4c,Ashe,b,July,,,,,,,,,,,
S-D4d,Ashe,a,July,,,,,,,,,,,
S-D4d,Ashe,b,July,,,,,,,,,,,
S-E1a,Ashe,a,July,Jill,1,0,,,,,,,,0
S-E1a,Ashe,b,July,Jill,0,0,,,,,,,,0
S-E1b,Ashe,a,July,Jill,4,11,,,,,yes,,yes,1
S-E1b,Ashe,b,July,Jill,3,1,,,,,yes,,yes,1
S-E1c,Ashe,b,July,Jill,7,10,4,6,4,7,yes,,yes,
S-E1c,Ashe,a,July,Jill,2,1,,,,,yes,,,
S-E1d,Ashe,a,July,Jill,4,3,1,3,10,11,yes,,yes,
S-E1d,Ashe,b,July,,,,,,,,,,,
S-E2a,Ashe,b,July,Jill,1,0,,,,,,,,1
S-E2a,Ashe,a,July,Jill,0,2,,,,,,,,1
S-E2b,Ashe,a,July,Jill,6,17,9,21,2,11,yes,,yes,0
S-E2b,Ashe,b,July,Jill,0,14,0,1,,,yes,,,0
S-E2c,Ashe,b,July,Jill,14,3,5,7,6,4,yes,,yes,
S-E2c,Ashe,a,July,Jill,1,3,3,10,1,4,yes,,yes,
S-E2d,Ashe,a,July,Jill,4,8,2,6,0,3,yes,,yes,
S-E2d,Ashe,b,July,Jill,1,5,4,5,3,4,yes,,yes,
S-E3a,Ashe,b,July,Jill,1,3,,,,,,,,0
S-E3a,Ashe,a,July,Jill,0,5,,,,,,,,0
S-E3b,Ashe,a,July,Jill,0,5,0,4,0,7,,,,1
S-E3b,Ashe,b,July,Jill,0,0,1,1,,,yes,,,1
S-E3c,Ashe,a,July,Paige,10,42,8,43,,,N,,Y,
S-E3c,Ashe,b,July,Paige,8,8,10,38,14,42,N,,N,
S-E3d,Ashe,a,July,Jill,0,0,0,0,,,,,,
S-E3d,Ashe,b,July,Jill,0,0,0,0,0,0,,,,
S-E4a,Ashe,b,July,Paige,13,39,13,32,23,41,Y,Y,Y,7
S-E4a,Ashe,a,July,Paige,9,35,7,53,10,32,N,N,N,7
S-E4b,Ashe,b,July,Paige,8,3,4,6,1,4,N,N,N,1
S-E4b,Ashe,a,July,Paige,3,0,3,4,0,0,N,N,N,1
S-E4c,Ashe,a,July,Jill,12,8,10,9,4,7,yes,,yes,
S-E4c,Ashe,b,July,Jill,2,4,6,1,3,3,yes,,,
S-E4d,Ashe,a,July,Jill,2,3,0,0,0,0,,,,
S-E4d,Ashe,b,July,Jill,2,5,1,1,,,,,,
S-F1a,Ashe,a,July,Jill,8,16,13,11,1,17,yes,,yes,0
S-F1a,Ashe,b,July,,,,,,,,,,,0
S-F1b,Ashe,b,July,Blake,3,16,1,12,0,14,,,,0
S-F1b,Ashe,a,July,Blake,0,24,0,15,2,18,,,,0
S-F1c,Ashe,a,July,Paige,0,0,3,12,1,2,N,,N,
S-F1c,Ashe,b,July,Paige,0,0,0,0,3,5,N,,N,
S-F1d,Ashe,a,July,Paige,0,0,0,0,0,0,N,,N,
S-F1d,Ashe,b,July,Paige,0,0,0,0,0,0,N,,N,
S-F2a,Ashe,a,July,Jill,0,0,0,0,0,0,,,,1
S-F2a,Ashe,b,July,,,,,,,,,,,1
S-F2b,Ashe,a,July,Jill,0,0,0,0,1,1,,,,0
S-F2b,Ashe,only one,July,Jill,,,,,,,,,,0
S-F2c,Ashe,a,July,Blake,0,0,1,2,0,3,,yes,,
S-F2c,Ashe,b,July,,,,,,,,,,,
S-F2d,Ashe,a,July,Blake,0,1,0,2,0,1,,,,
S-F2d,Ashe,b,July,,,,,,,,,,,
S-F3a,Ashe,a,July,Blake,0,0,0,1,0,3,,,,0
S-F3a,Ashe,b,July,,,,,,,,,,,0
S-F3b,Ashe,a,July,Blake,0,0,0,1,0,1,,,,0
S-F3b,Ashe,a,July,,,,,,,,,,,0
S-F3b,Ashe,b,July,,,,,,,,,,,
S-F3c,Ashe,a,July,Blake,0,10,0,1,0,2,,,,
S-F3c,Ashe,b,July,,,,,,,,,,,
S-F3d,Ashe,a,July,Blake,2,9,0,3,0,6,,,,
S-F4a,Ashe,a,July,Blake,0,1,0,0,0,0,,,,1
S-F4a,Ashe,b,July,,,,,,,,,,,1
S-F4b,Ashe,a,July,Blake,3,5,0,0,0,0,,,,3
S-F4b,Ashe,b,July,,,,,,,,,,,3
S-F4c,Ashe,a,July,Blake,0,2,0,0,0,3,,,,
S-F4c,Ashe,b,July,,,,,,,,,,,
S-F4d,Ashe,a,July,,,,,,,,,,,
S-F4d,Ashe,b,July,,,,,,,,,,,
V-A1a,Avery,a,July,Jill,0,6,0,5,,,,,,0
V-A1a,Avery,b,July,Jill,0,3,1,10,2,16,,,,0
V-A1b,Avery,a,July,Jill,1,10,0,7,0,12,,,yes,0
V-A1b,Avery,b,July,Jill,0,0,0,2,0,3,,,,0
V-A1c,Avery,a,July,Jill,2,12,1,27,4,7,,,,
V-A1c,Avery,b,July,Jill,1,5,0,2,0,2,,,,
V-A1d,Avery,b,July,Jill,2,4,0,5,0,6,,,,
V-A1d,Avery,a,July,Jill,0,9,0,3,0,10,,,,
V-A2a,Avery,a,July,Jill,7,31,,,,,,,,1
V-A2a,Avery,b,July,Jill,2,24,1,29,,,,,,1
V-A2b,Avery,a,July,Jill,0,0,0,0,,,,,,0
V-A2b,Avery,b,July,Jill,0,4,,,,,,,,0
V-A2c,Avery,a,July,Jill,0,37,,,,,,,,
V-A2c,Avery,b,July,Jill,0,2,,,,,,,,
V-A2d,Avery,b,July,Jill,1,26,,,,,,,,
V-A2d,Avery,a,July,Jill,0,14,0,13,,,,,,
V-A3a,Avery,a,July,Jill,0,12,0,8,1,5,yes,,,
V-A3a,Avery,b,July,Jill,0,9,1,5,0,5,,,yes,0
V-A3b,Avery,a,July,Jill,6,18,7,21,1,30,,,yes,0
V-A3b,Avery,b,July,Jill,0,23,1,34,2,20,yes,,,0
V-A3c,Avery,b,July,Jill,6,85,0,24,0,54,,,yes,0
V-A3c,Avery,a,July,Jill,0,53,,,,,,,,
V-A3d,Avery,a,July,Jill,5,23,5,21,5,18,,,,
V-A3d,Avery,b,July,Jill,0,10,3,1,7,9,,,,
V-A4a,Avery,a,July,Jill,0,1,,,,,yes,,,0
V-A4a,Avery,b,July,Jill,0,4,,,,,,,,0
V-A4b,Avery,a,July,Jill,0,3,,,,,,,,0
V-A4b,Avery,b,July,Jill,0,2,0,24,0,5,yes,,,0
V-A4c,Avery,a,July,Jill,0,9,,,,,,,,
V-A4c,Avery,b,July,Jill,0,1,,,,,,,,
V-A4d,Avery,b,July,Jill,1,30,,,,,,,,
V-A4d,Avery,a,July,Jill,0,25,,,,,,,yes,
V-B1a,Avery,a,July,Jill,0,5,0,15,,,,,,0
V-B1a,Avery,b,July,Jill,0,5,0,2,,,,,,0
V-B1b,Avery,a,July,Jill,0,27,1,19,,,,,,0
V-B1b,Avery,b,July,Jill,0,5,0,28,0,41,,,,0
V-B1c,Avery,a,July,Jill,0,1,0,1,0,0,,,,
V-B1c,Avery,b,July,Jill,0,0,0,1,0,1,,,,
V-B1d,Avery,a,July,Jill,0,0,0,0,0,0,,,,
V-B1d,Avery,b,July,Jill,0,0,0,0,0,0,,,,
V-B2a,Avery,a,July,Jill,2,18,0,0,,,,,,0
V-B2a,Avery,b,July,Jill,2,6,,,,,,,,0
V-B2b,Avery,a,July,Jill,0,3,0,31,0,4,,yes,,0
V-B2b,Avery,b,July,Jill,0,18,,,,,,,,0
V-B2c,Avery,a,July,Jill,0,20,,,,,,,,
V-B2c,Avery,b,July,Jill,0,13,,,,,,,,
V-B2d,Avery,a,July,Jill,0,7,0,9,,,,,,
V-B2d,Avery,b,July,Jill,0,1,,,,,,,,
V-B3a,Avery,a,July,Jill,2,27,,,,,,,,1
V-B3a,Avery,b,July,Jill,0,29,0,23,,,yes,,,1
V-B3b,Avery,a,July,Jill,3,3,1,2,0,4,,yes,,1
V-B3b,Avery,b,July,Jill,0,2,0,3,0,8,,,,1
V-B3c,Avery,a,July,Jill,2,26,,,,,,,,
V-B3c,Avery,b,July,Jill,0,16,0,12,1,5,,,,
V-B3d,Avery,a,July,Jill,0,28,,,,,,,,
V-B3d,Avery,b,July,Jill,0,36,1,21,,,,yes,,
V-B4a,Avery,b,July,Jill,1,1,1,23,0,1,,,,0
V-B4a,Avery,a,July,Jill,0,0,0,1,2,1,,,,0
V-B4b,Avery,a,July,Jill,0,3,0,3,0,7,,,,0
V-B4b,Avery,b,July,Jill,0,21,0,0,0,0,,,,0
V-B4c,Avery,a,July,Jill,4,26,4,11,4,9,yes,,,
V-B4c,Avery,b,July,Jill,0,2,0,3,0,11,yes,,,
V-B4d,Avery,a,July,Jill,1,8,0,8,4,4,,,yes,
V-B4d,Avery,b,July,Jill,1,13,2,5,1,10,,,yes,
V-C1a,Avery,a,July,Jill,3,0,2,1,0,7,,,,0
V-C1a,Avery,b,July,Jill,0,0,0,0,0,0,,,,0
V-C1b,Avery,a,July,Jill,0,3,0,4,0,1,,,,0
V-C1b,Avery,b,July,Jill,0,1,0,4,0,9,,,,0
V-C1c,Avery,a,July,Jill,0,8,0,4,,,,,,
V-C1c,Avery,b,July,Jill,0,0,0,0,0,0,,,,
V-C1d,Avery,a,July,Jill,0,5,0,3,0,3,,,,
V-C1d,Avery,b,July,Jill,0,31,0,16,0,2,,,,
V-C2a,Avery,a,July,Jill,0,0,0,8,,,,,,0
V-C2a,Avery,b,July,Jill,0,23,,,,,,,,0
V-C2b,Avery,a,July,Jill,0,8,0,26,0,16,yes,,,0
V-C2b,Avery,b,July,Jill,0,15,0,4,0,7,,,yes,0
V-C2c,Avery,a,July,Jill,0,0,,,,,,,,
V-C2c,Avery,b,July,Jill,0,0,0,0,0,1,,,,
V-C2d,Avery,a,July,Jill,0,0,,,,,,,,
V-C2d,Avery,b,July,Jill,0,1,0,0,,,,,,
V-C3a,Avery,a,July,Jill,0,2,0,2,0,3,,,,0
V-C3a,Avery,b,July,Jill,0,6,0,1,0,25,yes,,,0
V-C3b,Avery,a,July,Jill,0,0,0,0,0,0,,,,0
V-C3b,Avery,b,July,Jill,0,2,,,,,,,,0
V-C3c,Avery,b,July,Jill,1,1,0,0,0,0,,,,
V-C3c,Avery,a,July,Jill,0,0,,,,,,,,
V-C3d,Avery,a,July,Jill,0,0,0,0,0,0,,,,
V-C3d,Avery,b,July,Jill,0,0,0,0,0,0,,,,
V-C4a,Avery,a,July,Jill,0,5,0,5,0,5,,,yes,0
V-C4a,Avery,b,July,Jill,0,2,0,2,0,11,,,,0
V-C4b,Avery,b,July,Jill,1,3,0,16,0,4,,,,0
V-C4b,Avery,a,July,Jill,0,2,0,0,0,2,,,,0
V-C4c,Avery,a,July,Jill,0,1,0,8,0,1,yes,,,
V-C4c,Avery,b,July,Jill,0,48,1,54,0,35,,,yes,
V-C4d,Avery,a,July,Jill,0,37,0,30,0,1,yes,,,
V-C4d,Avery,b,July,Jill,0,2,0,1,0,1,,,,
V-D1a,Avery,a,July,Jill,0,0,0,0,0,0,,,,0
V-D1a,Avery,b,July,Jill,0,0,0,0,0,1,,,,0
V-D1b,Avery,a,July,Jill,0,1,1,0,0,5,,,,0
V-D1b,Avery,b,July,Jill,0,1,0,1,0,1,,,,0
V-D1c,Avery,a,July,Jill,0,1,0,1,0,0,,,,
V-D1c,Avery,b,July,Jill,0,2,0,2,0,1,yes,,,
V-D1d,Avery,a,July,Jill,2,20,1,5,1,3,yes,,,
V-D2a,Avery,a,July,Jill,0,3,0,0,0,0,yes,yes,,0
V-D2a,Avery,b,July,Jill,0,1,0,6,,,,,,0
V-D2b,Avery,a,July,Jill,0,0,0,0,0,0,,,,0
V-D2b,Avery,b,July,Jill,0,0,0,0,0,0,,,,0
V-D2c,Avery,a,July,Jill,0,1,0,0,0,1,,,,
V-D2c,Avery,b,July,Jill,0,2,1,0,1,1,,,,
V-D2d,Avery,a,July,Jill,0,0,0,0,,,,,,
V-D2d,Avery,b,July,Jill,0,0,,,,,,,,
V-D3a,Avery,a,July,Paige,0,9,0,15,0,15,N,N,Y,0
V-D3a,Avery,b,July,Paige,0,10,0,16,0,9,Y,N,N,0
V-D3b,Avery,b,July,Jill,1,32,,,,,,,,0
V-D3b,Avery,a,July,Jill,0,0,,,,,,,,0
V-D3c,Avery,a,July,Jill,1,1,1,3,0,5,,,,
V-D3c,Avery,b,July,Jill,0,4,1,1,1,4,,,,
V-D3d,Avery,a,July,Jill,0,0,,,,,,,,
V-D3d,Avery,b,July,Jill,0,5,0,2,0,1,,,,
V-D4a,Avery,a,July,Jill,0,0,0,1,0,1,,,,0
V-D4a,Avery,b,July,Jill,0,1,0,1,1,4,,,,0
V-D4b,Avery,a,July,Jill,0,11,2,6,0,18,,,,0
V-D4b,Avery,b,July,Jill,0,1,0,3,2,2,,,,0
V-D4c,Avery,b,July,Jill,3,38,0,13,0,28,,,yes,
V-D4c,Avery,a,July,Jill,1,18,1,4,1,10,yes,,,
V-D4d,Avery,a,July,Jill,1,2,0,0,0,3,,,,
V-D4d,Avery,b,July,Jill,0,4,0,0,0,3,,,,
V-E1a,Avery,b,July,Jill,1,14,6,16,1,7,yes,,,0
V-E1a,Avery,a,July,Jill,0,0,0,0,0,1,,,,0
V-E1b,Avery,a,July,Jill,0,0,1,1,1,3,,,,0
V-E1b,Avery,b,July,Jill,0,6,0,2,,,,,,0
V-E1c,Avery,a,July,Jill,0,5,,,,,,,,
V-E1c,Avery,b,July,Jill,0,0,0,0,0,0,,,,
V-E1d,Avery,a,July,Jill,0,1,0,12,0,15,,,,
V-E1d,Avery,b,July,Jill,0,0,0,0,0,0,,,,
V-E2a,Avery,b,July,Jill,3,2,1,2,,,,,,0
V-E2a,Avery,a,July,Jill,0,1,0,0,3,0,,,,0
V-E2b,Avery,a,July,Jill,1,1,9,13,,,,,yes,1
V-E2b,Avery,b,July,Jill,0,12,1,4,0,7,,,,1
V-E2c,Avery,a,July,Jill,0,0,1,0,0,0,,,,
V-E2c,Avery,b,July,Jill,0,2,0,1,0,1,,,,
V-E2d,Avery,a,July,Jill,0,5,0,0,0,1,,,,
V-E2d,Avery,b,July,Jill,0,1,0,24,0,0,,,,
V-E3a,Avery,a,July,Jill,0,10,0,3,2,10,,,,0
V-E3a,Avery,b,July,Jill,0,1,0,0,0,0,,,,0
V-E3b,Avery,a,July,Jill,0,0,0,0,,,,,,0
V-E3b,Avery,b,July,Jill,0,0,0,1,0,3,,,,0
V-E3c,Avery,a,July,Jill,0,0,0,0,0,0,,,,
V-E3c,Avery,b,July,Jill,0,3,0,3,0,5,,,,
V-E3d,Avery,a,July,Jill,0,0,0,0,,,,,,
V-E3d,Avery,b,July,Jill,0,1,0,0,0,0,,,,
V-E4a,Avery,b,July,Jill,1,8,5,6,0,0,,,,0
V-E4a,Avery,a,July,Jill,0,1,1,0,0,1,,,,0
V-E4b,Avery,a,July,Jill,0,6,,,,,,,,1
V-E4b,Avery,b,July,Jill,0,8,0,11,,,,,,1
V-E4c,Avery,a,July,Jill,0,3,0,0,0,1,,,,
V-E4c,Avery,b,July,Jill,0,11,0,11,3,10,yes,,,
V-E4d,Avery,a,July,Jill,0,0,0,1,0,0,,,,
V-E4d,Avery,b,July,Jill,0,0,0,0,0,0,,,,
W-A1a,Watauga,a,July,Jill,0,0,,,,,,,,46
W-A1a,Watauga,b,July,Jill,0,0,,,,,,,,46
W-A1b,Watauga,a,July,Jill,9,7,5,7,,,,,,34
W-A1b,Watauga,b,July,Jill,3,8,,,,,yes,,yes,34
W-A1c,Watauga,a,July,Jill,0,1,0,0,0,0,yes,,,
W-A1c,Watauga,b,July,Jill,0,1,0,0,0,0,yes,,,
W-A1d,Watauga,a,July,Jill,0,2,0,0,0,0,yes,,,
W-A1d,Watauga,b,July,Jill,0,2,0,0,0,0,yes,,,
W-A2a,Watauga,a,July,,,,,,,,,,,19
W-A2a,Watauga,b,July,,,,,,,,,,,19
W-A2b,Watauga,a,July,Jill,9,17,5,43,6,27,yes,yes,yes,76
W-A2b,Watauga,b,July,Jill,9,17,5,43,6,27,yes,yes,yes,76
W-A2c,Watauga,a,July,Jill,0,0,0,0,0,0,,,,
W-A2c,Watauga,b,July,Jill,0,0,0,0,0,0,,,,
W-A2d,Watauga,a,July,Jill,8,17,17,12,8,22,yes,,yes,
W-A2d,Watauga,b,July,Jill,8,17,17,12,8,22,yes,,yes,
W-A3a,Watauga,a,July,Jill,3,26,4,6,2,40,,,,30
W-A3a,Watauga,b,July,Jill,,,,,,,,,,30
W-A3b,Watauga,a,July,Jill,4,33,10,44,2,41,yes,,yes,32
W-A3b,Watauga,b,July,Jill,4,33,10,44,2,41,yes,,yes,32
W-A3c,Watauga,a,July,Paige,3,11,9,20,,,Y,N,Y,
W-A3c,Watauga,b,July,,,,,,,,,,,
W-A3d,Watauga,a,July,Paige,1,42,5,31,1,45,Y,N,Y,
W-A3d,Watauga,b,July,,,,,,,,,,,
W-A4a,Watauga,a,July,Jill,0,0,0,0,0,0,,,,16
W-A4a,Watauga,b,July,Jill,0,0,0,0,0,0,,,,16
W-A4b,Watauga,a,July,Jill,16,38,8,39,6,23,yes,,yes,87
W-A4b,Watauga,b,July,Jill,16,38,8,39,6,23,yes,,yes,87
W-A4c,Watauga,a,July,Jill,3,5,4,2,8,7,yes,,,
W-A4c,Watauga,b,July,,3,5,4,2,8,7,yes,,,
W-A4d,Watauga,a,July,Jill,0,0,0,0,0,0,,,,
W-A4d,Watauga,b,July,Jill,0,0,0,0,0,0,,,,
W-B1a,Watauga,a,July,,,,,,,,,,,12
W-B1a,Watauga,b,July,,,,,,,,,,,12
W-B1b,Watauga,a,July,,,,,,,,,,,16
W-B1b,Watauga,b,July,,,,,,,,,,,16
W-B1c,Watauga,a,July,,,,,,,,,,,
W-B1c,Watauga,b,July,,,,,,,,,,,
W-B1d,Watauga,a,July,,,,,,,,,,,
W-B1d,Watauga,b,July,,,,,,,,,,,
W-B2a,Watauga,a,July,,,,,,,,,,,10
W-B2a,Watauga,b,July,,,,,,,,,,,10
W-B2b,Watauga,a,July,,,,,,,,,,,6
W-B2b,Watauga,b,July,,,,,,,,,,,6
W-B2c,Watauga,a,July,,,,,,,,,,,
W-B2c,Watauga,b,July,,,,,,,,,,,
W-B2d,Watauga,a,July,,,,,,,,,,,
W-B2d,Watauga,b,July,,,,,,,,,,,
W-B3a,Watauga,a,July,,,,,,,,,,,10
W-B3a,Watauga,b,July,,,,,,,,,,,10
W-B3b,Watauga,a,July,,,,,,,,,,,13
W-B3b,Watauga,b,July,,,,,,,,,,,13
W-B3c,Watauga,a,July,,,,,,,,,,,
W-B3c,Watauga,b,July,,,,,,,,,,,
W-B3d,Watauga,a,July,,,,,,,,,,,
W-B3d,Watauga,b,July,,,,,,,,,,,
W-B4a,Watauga,a,July,,,,,,,,,,,46
W-B4a,Watauga,b,July,,,,,,,,,,,46
W-B4b,Watauga,a,July,,,,,,,,,,,17
W-B4b,Watauga,b,July,,,,,,,,,,,17
W-B4c,Watauga,a,July,,,,,,,,,,,
W-B4c,Watauga,b,July,,,,,,,,,,,
W-B4d,Watauga,a,July,,,,,,,,,,,
W-B4d,Watauga,b,July,,,,,,,,,,,
W-C1a,Watauga,a,July,Jill,0,1,5,0,0,5,,,yes,10
W-C1a,Watauga,b,July,Jill,0,1,4,0,2,1,yes,,yes,10
W-C1b,Watauga,a,July,,,,,,,,,,,11
W-C1b,Watauga,b,July,,,,,,,,,,,11
W-C1c,Watauga,a,July,Jill,8,6,0,9,,,yes,,yes,
W-C1c,Watauga,b,July,Jill,1,7,8,3,1,0,yes,,yes,
W-C1d,Watauga,a,July,Jill,2,6,3,8,0,6,yes,,yes,
W-C1d,Watauga,b,July,Jill,1,3,2,5,0,2,yes,,,
W-C2a,Watauga,a,July,Jill,11,21,,,,,yes,,yes,8
W-C2a,Watauga,b,July,Jill,8,32,,,,,yes,,yes,8
W-C2b,Watauga,a,July,Jill,1,9,,,,,,,,9
W-C2b,Watauga,b,July,Jill,0,28,8,41,,,yes,,yes,9
W-C2c,Watauga,a,July,Jill,0,0,,,,,,,,
W-C2c,Watauga,b,July,,,,,,,,,,,
W-C2d,Watauga,a,July,Jill,5,3,,,,,yes,,,
W-C2d,Watauga,b,July,Jill,2,2,0,2,1,5,yes,,yes,
W-C3a,Watauga,a,July,Jill,0,0,0,1,,,,,,1
W-C3a,Watauga,b,July,Jill,0,0,0,0,0,1,,,,1
W-C3b,Watauga,a,July,,,,,,,,,,,3
W-C3b,Watauga,b,July,,,,,,,,,,,3
W-C3c,Watauga,a,July,Jill,1,31,0,21,0,23,yes,,yes,
W-C3c,Watauga,b,July,Jill,1,48,1,36,0,45,yes,,yes,
W-C3d,Watauga,a,July,Jill,0,16,1,10,0,23,,,,
W-C3d,Watauga,b,July,Jill,0,0,0,0,0,0,,,,
W-C4a,Watauga,a,July,Jill,0,0,,,,,,,,17
W-C4a,Watauga,b,July,Jill,0,0,,,,,,,,17
W-C4b,Watauga,a,July,Jill,10,20,0,18,12,18,yes,,yes,54
W-C4b,Watauga,b,July,Jill,0,9,0,0,0,0,,,,54
W-C4c,Watauga,a,July,Paige,0,0,0,1,0,2,N,N,N,
W-C4c,Watauga,b,July,,,,,,,,,,,
W-C4d,Watauga,a,July,,,,,,,,,,,
W-C4d,Watauga,b,July,,,,,,,,,,,
W-D1a,Watauga,a,July,Jill,5,13,,,,,,,yes,13
W-D1a,Watauga,b,July,Jill,1,5,3,10,,,yes,,yes,13
W-D1b,Watauga,a,July,Jill,0,4,0,0,,,,,,10
W-D1b,Watauga,b,July,Jill,0,3,2,6,2,0,yes,,yes,10
W-D1c,Watauga,a,July,Jill,0,2,0,0,0,0,,,,
W-D1c,Watauga,b,July,Jill,0,0,9,9,0,0,,,,
W-D1d,Watauga,a,July,Jill,11,20,3,7,0,0,yes,,,
W-D1d,Watauga,b,July,Jill,3,0,0,0,0,1,yes,yes,yes,
W-D2a,Watauga,a,July,Jill,7,34,,,,,yes,,,22
W-D2a,Watauga,b,July,Jill,6,16,,,,,,,,22
W-D2b,Watauga,a,July,Jill,6,22,,,,,yes,,yes,84
W-D2b,Watauga,b,July,Jill,6,7,,,,,yes,,yes,84
W-D2c,Watauga,a,July,Jill,1,13,3,12,8,19,yes,,yes,
W-D2c,Watauga,b,July,Jill,0,24,7,24,,,yes,,yes,
W-D2d,Watauga,a,July,Jill,8,15,,,,,yes,,,
W-D2d,Watauga,b,July,Jill,8,15,7,10,,,yes,,yes,
W-D3a,Watauga,a,July,Jill,0,0,0,0,0,0,,,,12
W-D3a,Watauga,b,July,Jill,0,2,0,1,0,9,,,,12
W-D3b,Watauga,a,July,Jill,0,0,,,,,,,,0
W-D3b,Watauga,b,July,Jill,0,0,0,0,0,0,,,,0
W-D3c,Watauga,a,July,Jill,1,4,1,19,0,4,,,,
W-D3c,Watauga,b,July,Jill,0,8,0,12,1,4,,,,
W-D3d,Watauga,a,July,Jill,0,4,,,,,,,,
W-D3d,Watauga,b,July,Jill,0,1,,,,,,,,
W-D4a,Watauga,a,July,Jill,0,1,,,,,,,,30
W-D4a,Watauga,b,July,Jill,0,0,,,,,,,,30
W-D4b,Watauga,a,July,Jill,1,0,0,0,0,0,,,,14
W-D4b,Watauga,b,July,Jill,0,0,0,0,0,0,,,,14
W-D4c,Watauga,a,July,Jill,0,0,0,0,0,0,,,,
W-D4c,Watauga,b,July,Jill,0,0,0,0,0,0,,,,
W-D4d,Watauga,a,July,Jill,4,6,0,3,1,16,yes,,yes,
W-D4d,Watauga,b,July,Jill,1,7,3,1,4,7,,,yes,
W-E1a,Watauga,a,July,Paige,0,4,10,1,0,1,N,N,N,21
W-E1a,Watauga,b,July,,,,,,,,,,,21
W-E1b,Watauga,a,July,Paige,0,7,1,11,0,6,N,N,Y,17
W-E1b,Watauga,b,July,,,,,,,,,,,17
W-E1c,Watauga,a,July,Paige,0,0,0,0,0,1,N,N,N,
W-E1c,Watauga,b,July,,,,,,,,,,,
W-E1d,Watauga,a,July,Jill,0,1,0,0,0,1,,,,
W-E1d,Watauga,b,July,,,,,,,,,,,
W-E2a,Watauga,a,July,Jill,0,0,0,0,0,0,,,,11
W-E2a,Watauga,b,July,Jill,0,0,0,0,0,0,,,,11
W-E2b,Watauga,a,July,Paige,0,0,0,1,0,2,N,N,N,10
W-E2b,Watauga,b,July,,,,,,,,,,,10
W-E2c,Watauga,a,July,Jill,0,0,0,0,0,0,,,,
W-E2c,Watauga,b,July,,,,,,,,,,,
W-E2d,Watauga,a,July,Paige,0,2,1,2,1,7,N,N,N,
W-E2d,Watauga,b,July,,,,,,,,,,,
W-E3a,Watauga,a,July,Paige,0,0,0,0,0,0,N,N,N,11
W-E3a,Watauga,b,July,,,,,,,,,,,11
W-E3b,Watauga,a,July,Jill,0,1,0,0,0,7,,,,8
W-E3b,Watauga,b,July,,,,,,,,,,,8
W-E3c,Watauga,a,July,Paige,0,0,0,0,0,0,N,N,N,
W-E3c,Watauga,b,July,Paige,0,0,0,0,0,0,N,N,N,
W-E3d,Watauga,a,July,Paige,1,10,0,12,0,8,N,N,N,
W-E3d,Watauga,b,July,,,,,,,,,,,
W-E4a,Watauga,a,July,Paige,2,10,0,2,0,4,N,N,Y,14
W-E4a,Watauga,b,July,Paige,,,,,,,,,,14
W-E4b,Watauga,a,July,Paige,0,1,1,8,3,2,N,N,Y,24
W-E4b,Watauga,b,July,Paige,,,,,,,,,,24
W-E4c,Watauga,a,July,Paige,0,0,0,0,1,1,N,N,N,
W-E4c,Watauga,b,July,Paige,,,,,,,,,,
W-E4d,Watauga,a,July,Jill,0,1,0,0,1,0,yes,,,
W-E4d,Watauga,b,July,Jill,0,1,0,0,1,0,yes,,,
W-F1a,Watauga,a,July,Paige,0,1,0,1,0,1,N,N,N,9
W-F1a,Watauga,b,July,Paige,0,0,0,0,0,0,N,N,N,9
W-F1b,Watauga,a,July,Paige,16,29,8,21,28,31,Y,N,Y,124
W-F1b,Watauga,b,July,Paige,4,41,7,20,9,28,y,N,N,124
W-F1c,Watauga,a,July,Paige,5,12,7,22,2,15,Y,N,N,
W-F1c,Watauga,b,July,Paige,1,1,2,3,2,4,Y,N,N,
W-F1d,Watauga,a,July,,,,,,,,,,,
W-F1d,Watauga,b,July,,,,,,,,,,,
W-F2a,Watauga,a,July,Paige,3,31,3,31,3,19,N,N,N,6
W-F2a,Watauga,b,July,Paige,0,4,0,4,0,3,N,N,Y,6
W-F2b,Watauga,a,July,Paige,3,9,2,10,2,8,Y,N,N,5
W-F2b,Watauga,b,July,Paige,0,1,0,1,0,1,N,N,N,5
W-F2c,Watauga,a,July,Paige,11,16,8,13,5,4,Y,N,N,
W-F2c,Watauga,b,July,,,,,,,,,,,
W-F2d,Watauga,a,July,,,,,,,,,,,
W-F2d,Watauga,b,July,,,,,,,,,,,
W-F3a,Watauga,a,July,Paige,0,2,0,0,0,0,N,N,N,11
W-F3a,Watauga,b,July,,,,,,,,,,,11
W-F3b,Watauga,a,July,Paige,4,9,2,13,1,16,Y,N,N,13
W-F3b,Watauga,b,July,Paige,3,24,7,28,1,43,Y,N,N,13
W-F3c,Watauga,a,July,Paige,0,0,0,1,0,0,N,N,Y,
W-F3c,Watauga,b,July,Paige,0,3,0,3,0,1,N,N,N,
W-F3d,Watauga,a,July,Paige,0,1,0,1,0,1,N,N,N,
W-F3d,Watauga,b,July,Paige,0,1,0,1,0,1,N,N,N,
W-F4a,Watauga,a,July,Paige,1,6,0,3,0,1,N,N,Y,23
W-F4a,Watauga,b,July,Paige,0,1,0,1,0,1,N,N,N,23
W-F4b,Watauga,a,July,Paige,2,1,8,21,1,0,N,N,Y,2
W-F4b,Watauga,b,July,Paige,0,1,0,0,0,0,N,N,N,2
W-F4c,Watauga,a,July,Paige,0,1,0,0,0,0,N,N,N,
W-F4c,Watauga,b,July,Paige,0,0,1,10,3,7,N,N,Y,
W-F4d,Watauga,a,July,Paige,18,31,29,56,27,52,Y,N,Y,
W-F4d,Watauga,b,July,,,,,,,,,,,
M-A1a,Mitchell,b,November,Jamie,0,0,0,0,0,0,no,no,NA,20
M-A1a,Mitchell,a,November,Jamie,7,4,2,1,,,y,,NA,20
M-A1b,Mitchell,b,November,Jamie,6,2,2,0,1,1,y,y,NA,7
M-A1b,Mitchell,a,November,Jamie,2,0,0,0,0,0,,,NA,7
M-A1c,Mitchell,b,November,Jamie,6,44,5,22,4,24,y,y,NA,
M-A1c,Mitchell,a,November,Jamie,6,8,1,6,4,3,y,y,NA,
M-A1d,Mitchell,b,November,Jamie,11,7,18,5,10,5,y,y,NA,
M-A1d,Mitchell,a,November,Jamie,0,0,,,,,,,NA,
M-A2a,Mitchell,b,November,Jamie,1,2,2,2,2,2,y,no,NA,10
M-A2a,Mitchell,a,November,Jamie,5,4,2,1,2,2,y,no,NA,10
M-A2b,Mitchell,a,November,Jamie,0,0,0,0,0,0,no,no,NA,3
M-A2b,Mitchell,b,November,Jamie,0,0,0,0,0,0,no,no,NA,3
M-A2c,Mitchell,a,November,Jamie,0,0,,,,,,,NA,
M-A2c,Mitchell,b,November,Jamie,2,5,0,5,,,y,y,NA,
M-A2d,Mitchell,b,November,Jamie,11,5,13,8,9,1,y,y,NA,
M-A2d,Mitchell,a,November,Jamie,4,5,0,0,4,1,y,no,NA,
M-A3a,Mitchell,a,November,Jamie,0,0,0,0,,,,,NA,11
M-A3a,Mitchell,b,November,Jamie,1,2,0,3,0,0,no,y,NA,11
M-A3b,Mitchell,b,November,Jamie,1,0,,,,,,,NA,15
M-A3b,Mitchell,a,November,Jamie,0,0,0,2,0,1,no,y,NA,15
M-A3c,Mitchell,b,November,Jamie,3,0,0,1,0,0,no,y,NA,
M-A3c,Mitchell,a,November,Jamie,6,34,11,9,3,9,y,y,NA,
M-A3d,Mitchell,a,November,Jamie,0,16,1,19,2,13,no,y,NA,
M-A3d,Mitchell,b,November,Jamie,0,2,0,3,0,0,no,y,NA,
M-A4a,Mitchell,b,November,Jamie,5,41,5,21,6,18,y,y,NA,95
M-A4a,Mitchell,a,November,Jamie,4,21,8,21,3,23,y,y,NA,95
M-A4b,Mitchell,a,November,Jamie,0,0,0,0,0,0,,,NA,24
M-A4b,Mitchell,b,November,Jamie,1,1,0,1,0,1,y,no,NA,24
M-A4c,Mitchell,a,November,Jamie,5,13,3,14,3,5,y,y,NA,
M-A4c,Mitchell,b,November,Jamie,1,4,0,3,0,8,y,no,NA,
M-A4d,Mitchell,a,November,Jamie,1,7,0,1,0,0,y,no,NA,
M-A4d,Mitchell,b,November,Jamie,0,1,0,0,0,0,y,no,NA,
M-B1a,Mitchell,b,November,Jamie,1,7,0,5,0,5,y,no,NA,148
M-B1a,Mitchell,a,November,Jamie,3,16,0,16,2,5,y,y,NA,148
M-B1b,Mitchell,a,November,Jamie,1,2,0,0,0,0,y,no,NA,20
M-B1b,Mitchell,b,November,Jamie,0,3,0,0,0,0,no,no,NA,20
M-B1c,Mitchell,a,November,Jamie,1,0,0,0,1,0,no,no,NA,
M-B1c,Mitchell,b,November,Jamie,0,1,0,0,0,0,no,no,NA,
M-B1d,Mitchell,a,November,Jamie,1,0,1,0,0,0,no,no,NA,
M-B1d,Mitchell,b,November,Jamie,0,0,0,0,0,1,no,y,NA,
M-B2a,Mitchell,a,November,Jamie,3,20,2,24,2,18,y,y,NA,62
M-B2a,Mitchell,b,November,Jamie,8,22,3,24,0,11,y,y,NA,62
M-B2b,Mitchell,b,November,Jamie,2,27,6,34,3,35,y,y,NA,37
M-B2b,Mitchell,a,November,Jamie,6,42,2,35,8,32,y,y,NA,37
M-B2c,Mitchell,a,November,Jamie,0,0,0,0,0,0,,,NA,
M-B2c,Mitchell,b,November,Jamie,1,8,0,3,3,5,y,,NA,
M-B2d,Mitchell,a,November,Jamie,1,11,1,5,0,2,,,NA,
M-B2d,Mitchell,b,November,Jamie,0,0,0,0,0,0,,,NA,
M-B3a,Mitchell,a,November,Jamie,3,17,0,7,0,7,y,,NA,24
M-B3a,Mitchell,b,November,Jamie,0,0,0,0,0,0,,,NA,24
M-B3b,Mitchell,a,November,Jamie,0,5,0,2,0,3,y,,NA,21
M-B3b,Mitchell,b,November,Jamie,1,1,0,3,0,0,y,,NA,21
M-B3c,Mitchell,a,November,Jamie,0,0,0,0,0,0,,,NA,
M-B3c,Mitchell,b,November,Jamie,2,6,0,5,0,5,y,,NA,
M-B3d,Mitchell,a,November,Jamie,0,0,0,0,0,0,,,NA,
M-B3d,Mitchell,b,November,Jamie,0,0,0,0,0,0,,,NA,
M-B4a,Mitchell,a,November,Jamie,0,0,0,0,0,0,,,NA,25
M-B4a,Mitchell,b,November,Jamie,0,0,0,0,0,0,,,NA,25
M-B4b,Mitchell,b,November,Jamie,0,9,0,12,0,11,y,y,NA,71
M-B4b,Mitchell,a,November,Jamie,0,23,1,11,0,24,y,y,NA,71
M-B4c,Mitchell,a,November,Jamie,1,3,0,0,0,0,,,NA,
M-B4c,Mitchell,b,November,Jamie,0,0,0,0,0,0,,,NA,
M-B4d,Mitchell,b,November,Jamie,0,4,0,2,1,4,y,,NA,
M-B4d,Mitchell,a,November,Jamie,0,1,1,1,0,2,y,,NA,
M-C1a,Mitchell,a,November,Jamie,10,15,2,5,,,y,y,NA,5
M-C1a,Mitchell,b,November,Jamie,1,2,1,2,3,0,,,NA,5
M-C1b,Mitchell,a,November,Jamie,5,0,2,2,1,2,y,,NA,16
M-C1b,Mitchell,b,November,Jamie,6,6,3,3,3,0,y,y,NA,16
M-C1c,Mitchell,a,November,Jamie,7,3,8,5,0,3,y,y,NA,
M-C1c,Mitchell,b,November,Jamie,8,21,4,15,3,13,y,,NA,
M-C1d,Mitchell,a,November,Jamie,2,3,,,,,,y,NA,
M-C1d,Mitchell,b,November,Jamie,3,15,5,8,3,16,y,y,NA,
M-C2a,Mitchell,b,November,Jamie,0,6,,,,,y,y,NA,8
M-C2a,Mitchell,a,November,Jamie,2,8,3,9,,3,y,y,NA,8
M-C2b,Mitchell,b,November,Jamie,0,2,0,0,1,1,y,,NA,
M-C2b,Mitchell,a,November,Jamie,3,6,0,6,1,11,y,y,NA,
M-C2c,Mitchell,a,November,Jamie,0,0,0,0,0,0,,,NA,
M-C2c,Mitchell,b,November,Jamie,2,8,3,5,3,6,y,,NA,
M-C2d,Mitchell,a,November,Jamie,0,0,,,,,,,NA,
M-C2d,Mitchell,b,November,Jamie,0,5,2,9,0,4,,,NA,
M-C3a,Mitchell,a,November,Jamie,0,1,0,0,0,2,,,NA,12
M-C3a,Mitchell,b,November,Jamie,2,9,3,3,0,0,y,y,NA,12
M-C3b,Mitchell,a,November,Jamie,4,7,0,1,0,0,,y,NA,27
M-C3b,Mitchell,b,November,Jamie,0,2,0,1,0,0,y,y,NA,27
M-C3c,Mitchell,b,November,Jamie,0,1,0,0,0,0,,,NA,
M-C3c,Mitchell,a,November,Jamie,0,0,0,0,0,0,,,NA,
M-C3d,Mitchell,a,November,Jamie,0,0,0,0,0,0,,,NA,
M-C3d,Mitchell,b,November,Jamie,0,0,0,0,0,0,,,NA,
M-C4a,Mitchell,b,November,Jamie,0,0,0,0,0,0,,,NA,34
M-C4a,Mitchell,a,November,Jamie,0,0,0,0,0,0,,,NA,34
M-C4b,Mitchell,a,November,Jamie,0,0,0,0,0,0,,,NA,39
M-C4b,Mitchell,b,November,Jamie,3,17,3,1,9,4,,y,NA,39
M-C4c,Mitchell,a,November,Jamie,4,4,5,11,,,,y,NA,
M-C4c,Mitchell,b,November,Jamie,0,0,0,0,0,0,,,NA,
M-C4d,Mitchell,a,November,Jamie,0,6,0,2,7,9,y,,NA,
M-C4d,Mitchell,b,November,Jamie,1,2,,,,,,,NA,
M-D1a,Mitchell,b,November,Jamie,16,23,4,21,9,10,y,y,NA,58
M-D1a,Mitchell,a,November,Jamie,1,2,1,1,0,0,y,,NA,58
M-D1b,Mitchell,b,November,Jamie,1,1,1,2,0,2,y,y,NA,30
M-D1b,Mitchell,a,November,Jamie,0,0,0,0,0,0,,,NA,30
M-D1c,Mitchell,b,November,Jamie,0,3,5,8,4,6,y,y,NA,
M-D1c,Mitchell,a,November,Jamie,2,2,1,5,3,3,y,,NA,
M-D1d,Mitchell,a,November,Jamie,0,0,0,0,0,0,,,NA,
M-D1d,Mitchell,b,November,Jamie,0,0,0,0,0,0,,,NA,
M-D2a,Mitchell,a,November,Jamie,4,14,0,6,3,18,y,,NA,34
M-D2a,Mitchell,b,November,Jamie,0,2,0,0,0,0,y,,NA,34
M-D2b,Mitchell,a,November,Jamie,3,12,2,2,3,7,y,,NA,151
M-D2b,Mitchell,b,November,Jamie,10,9,2,3,1,1,y,,NA,151
M-D2c,Mitchell,a,November,Jamie,15,19,6,14,20,22,,,NA,
M-D2c,Mitchell,b,November,Jamie,0,0,0,0,0,0,,,NA,
M-D2d,Mitchell,a,November,Jamie,0,4,0,2,4,9,y,,NA,
M-D2d,Mitchell,b,November,Jamie,1,1,0,0,0,0,,,NA,
M-D3a,Mitchell,a,November,Jamie,0,2,4,3,0,2,y,y,NA,16
M-D3a,Mitchell,b,November,Jamie,1,17,0,4,0,5,,,NA,16
M-D3b,Mitchell,a,November,Jamie,0,0,0,1,1,0,,,NA,7
M-D3b,Mitchell,b,November,Jamie,2,2,0,0,0,0,,,NA,7
M-D3c,Mitchell,a,November,Jamie,1,17,2,15,0,5,y,y,NA,
M-D3c,Mitchell,b,November,Jamie,1,10,0,13,1,9,y,y,NA,
M-D3d,Mitchell,a,November,Jamie,0,1,1,0,0,0,,,NA,
M-D3d,Mitchell,b,November,Jamie,3,14,1,3,2,1,,,NA,
M-D4a,Mitchell,a,November,Jamie,0,0,0,3,3,2,y,,NA,34
M-D4a,Mitchell,b,November,Jamie,0,18,1,21,4,17,,,NA,34
M-D4b,Mitchell,a,November,Jamie,0,5,0,0,0,0,y,,NA,136
M-D4b,Mitchell,b,November,Jamie,2,6,1,6,3,4,,,NA,136
M-D4c,Mitchell,a,November,Jamie,1,4,0,5,0,4,y,,NA,
M-D4c,Mitchell,b,November,Jamie,0,0,0,0,0,0,,,NA,
M-D4d,Mitchell,b,November,Jamie,0,0,0,1,1,0,y,,NA,
M-D4d,Mitchell,a,November,Jamie,0,0,0,0,0,0,,,NA,
M-E1a,Mitchell,a,November,Jamie,2,2,0,1,1,4,y,,NA,18
M-E1a,Mitchell,b,November,Jamie,0,0,0,0,0,0,,,NA,18
M-E1b,Mitchell,a,November,Jamie,1,0,0,0,0,0,,,NA,26
M-E1b,Mitchell,b,November,Jamie,0,0,0,0,0,0,,,NA,26
M-E1c,Mitchell,a,November,Jamie,1,2,0,1,0,0,y,,NA,
M-E1c,Mitchell,b,November,Jamie,0,0,0,0,0,0,,,NA,
M-E1d,Mitchell,a,November,Jamie,1,1,2,2,1,0,,y,NA,
M-E1d,Mitchell,b,November,Jamie,4,2,6,7,2,4,y,,NA,
M-E2a,Mitchell,a,November,Jamie,4,11,6,8,12,15,y,,NA,10
M-E2a,Mitchell,b,November,Jamie,2,2,3,3,3,2,y,y,NA,10
M-E2b,Mitchell,a,November,Jamie,0,5,6,5,1,4,y,,NA,19
M-E2b,Mitchell,b,November,Jamie,0,18,5,14,0,12,y,y,NA,19
M-E2c,Mitchell,a,November,Jamie,0,8,0,4,2,5,y,,NA,
M-E2c,Mitchell,b,November,Jamie,3,16,2,15,1,31,y,y,NA,
M-E2d,Mitchell,a,November,Jamie,3,5,3,8,3,5,y,y,NA,
M-E2d,Mitchell,b,November,Jamie,0,1,0,0,0,0,,,NA,
M-E3a,Mitchell,a,November,Jamie,0,4,0,2,0,0,,,NA,19
M-E3a,Mitchell,b,November,Jamie,1,7,1,5,0,2,y,,NA,19
M-E3b,Mitchell,a,November,Jamie,0,0,0,0,0,0,,,NA,16
M-E3b,Mitchell,b,November,Jamie,2,28,1,15,0,0,y,y,NA,16
M-E3c,Mitchell,a,November,Jamie,0,1,0,0,0,0,,y,NA,
M-E3c,Mitchell,b,November,Jamie,0,10,3,5,0,2,,y,NA,
M-E3d,Mitchell,a,November,Jamie,0,0,0,0,0,0,,,NA,
M-E3d,Mitchell,b,November,Jamie,0,5,0,4,0,0,,y,NA,
M-E4a,Mitchell,a,November,Jamie,0,4,1,0,4,3,y,,NA,18
M-E4a,Mitchell,b,November,Jamie,9,17,6,22,10,11,y,y,NA,18
M-E4b,Mitchell,b,November,Jamie,0,1,0,0,0,0,,,NA,47
M-E4b,Mitchell,a,November,Jamie,0,0,0,0,0,0,,,NA,47
M-E4c,Mitchell,a,November,Jamie,3,6,13,4,1,1,y,,NA,
M-E4c,Mitchell,b,November,Jamie,1,26,8,14,2,15,y,y,NA,
M-E4d,Mitchell,a,November,Jamie,0,0,0,0,0,0,,,NA,
M-E4d,Mitchell,b,November,Jamie,0,0,0,0,0,0,,,NA,
M-F1a,Mitchell,a,November,Jamie,0,0,0,0,0,0,,,NA,94
M-F1a,Mitchell,b,November,Jamie,0,0,0,0,0,0,,,NA,94
M-F1b,Mitchell,a,November,Jamie,5,4,3,3,15,3,y,y,NA,53
M-F1b,Mitchell,b,November,Jamie,1,2,0,0,0,0,y,,NA,53
M-F1c,Mitchell,a,November,Jamie,17,48,10,20,9,39,y,y,NA,
M-F1c,Mitchell,b,November,Jamie,4,23,1,14,1,27,y,y,NA,
M-F1d,Mitchell,a,November,Jamie,9,12,5,13,6,11,y,y,NA,
M-F1d,Mitchell,b,November,Jamie,14,41,24,39,8,30,y,y,NA,
M-F2a,Mitchell,b,November,Jamie,3,4,10,10,4,9,y,,NA,43
M-F2a,Mitchell,a,November,Jamie,5,4,6,10,1,4,y,,NA,43
M-F2b,Mitchell,a,November,Jamie,2,0,1,0,0,0,,,NA,86
M-F2b,Mitchell,b,November,Jamie,0,2,1,3,0,0,y,,NA,86
M-F2c,Mitchell,a,November,Jamie,5,24,2,19,8,18,y,,NA,
M-F2c,Mitchell,b,November,Jamie,7,47,3,30,3,20,y,y,NA,
M-F2d,Mitchell,b,November,Jamie,1,15,3,14,1,16,y,y,NA,
M-F2d,Mitchell,a,November,Jamie,7,25,0,17,4,16,y,y,NA,
M-F3a,Mitchell,a,November,Jamie,0,19,1,6,1,11,y,y,NA,33
M-F3a,Mitchell,b,November,Jamie,0,0,0,0,0,0,,,NA,33
M-F3b,Mitchell,b,November,Jamie,1,5,1,4,0,8,y,y,NA,5
M-F3b,Mitchell,a,November,Jamie,1,5,1,7,1,7,y,y,NA,5
M-F3c,Mitchell,b,November,Jamie,1,2,1,2,0,1,,,NA,
M-F3c,Mitchell,a,November,Jamie,2,5,2,1,2,5,y,,NA,
M-F3d,Mitchell,a,November,Jamie,1,0,0,2,0,0,,,NA,
M-F3d,Mitchell,b,November,Jamie,0,7,0,2,1,3,y,y,NA,
M-F4a,Mitchell,b,November,Jamie,10,2,2,0,0,0,,,NA,62
M-F4a,Mitchell,a,November,Jamie,2,3,3,4,1,5,y,y,NA,62
M-F4b,Mitchell,a,November,Jamie,2,1,0,3,0,0,,,NA,75
M-F4b,Mitchell,b,November,Jamie,4,10,7,5,6,5,y,y,NA,75
M-F4c,Mitchell,b,November,Jamie,0,1,1,1,0,1,y,,NA,
M-F4c,Mitchell,a,November,Jamie,4,11,0,5,0,6,y,y,NA,
M-F4d,Mitchell,b,November,Jamie,3,22,0,16,3,17,y,y,NA,
M-F4d,Mitchell,a,November,Jamie,9,22,5,24,21,15,y,y,NA,
S-A1a,Ashe,a,November,Jamie,12,12,3,1,10,10,y,,NA,1
S-A1a,Ashe,b,November,Jamie,3,1,3,0,1,0,,,NA,1
S-A1b,Ashe,b,November,Jamie,6,17,8,9,4,4,y,,NA,1
S-A1b,Ashe,a,November,Jamie,1,2,2,2,0,3,y,,NA,1
S-A1c,Ashe,a,November,Jamie,6,3,3,4,2,3,y,,NA,
S-A1c,Ashe,b,November,Jamie,0,1,1,1,2,2,y,,NA,
S-A1d,Ashe,a,November,Jamie,6,4,2,6,4,4,y,,NA,
S-A1d,Ashe,b,November,Jamie,10,16,10,15,15,9,y,,NA,
S-A2a,Ashe,a,November,Jamie,0,0,0,0,0,0,,,NA,3
S-A2a,Ashe,b,November,Jamie,3,0,1,1,0,0,,,NA,3
S-A2b,Ashe,a,November,Jamie,1,1,0,1,0,2,,,NA,3
S-A2b,Ashe,b,November,Jamie,1,1,0,0,0,0,,,NA,3
S-A2c,Ashe,a,November,Jamie,0,0,0,0,0,0,,,NA,
S-A2c,Ashe,b,November,Jamie,0,0,0,0,0,0,,,NA,
S-A2d,Ashe,a,November,Jamie,1,2,1,0,0,0,,,NA,
S-A2d,Ashe,b,November,Jamie,0,0,0,0,0,0,,,NA,
S-A3a,Ashe,b,November,Jamie,2,7,1,3,0,0,y,,NA,1
S-A3a,Ashe,a,November,Jamie,6,1,0,0,0,0,,,NA,1
S-A3b,Ashe,a,November,Jamie,0,15,2,7,1,8,,,NA,0
S-A3b,Ashe,b,November,Jamie,1,5,0,0,0,0,,,NA,0
S-A3c,Ashe,b,November,Jamie,0,0,0,0,0,0,,,NA,
S-A3c,Ashe,a,November,Jamie,1,4,0,3,3,1,,,NA,
S-A3d,Ashe,a,November,Jamie,0,4,2,2,0,2,y,,NA,
S-A3d,Ashe,b,November,Jamie,0,1,0,0,0,0,,,NA,
S-A4a,Ashe,a,November,Jamie,0,0,0,0,0,0,,,NA,0
S-A4a,Ashe,b,November,Jamie,0,0,0,0,0,0,,,NA,0
S-A4b,Ashe,a,November,Jamie,4,26,2,10,7,13,y,,NA,2
S-A4b,Ashe,b,November,Jamie,2,16,5,7,7,9,y,,NA,2
S-A4c,Ashe,a,November,Jamie,0,0,0,0,0,0,,,NA,
S-A4c,Ashe,b,November,Jamie,2,1,0,0,0,0,,,NA,
S-A4d,Ashe,a,November,Jamie,0,66,2,0,6,2,y,,NA,
S-A4d,Ashe,b,November,Jamie,0,0,0,0,0,0,,,NA,
S-B1a,Ashe,b,November,Jamie,,,,,,,,,NA,1
S-B1a,Ashe,a,November,Jamie,,,,,,,,,NA,1
S-B1b,Ashe,a,November,Jamie,,,,,,,,,NA,0
S-B1b,Ashe,b,November,Jamie,,,,,,,,,NA,0
S-B1c,Ashe,a,November,Jamie,,,,,,,,,NA,
S-B1c,Ashe,b,November,Jamie,,,,,,,,,NA,
S-B1d,Ashe,b,November,Jamie,,,,,,,,,NA,
S-B1d,Ashe,a,November,Jamie,,,,,,,,,NA,
S-B2a,Ashe,a,November,Jamie,2,4,1,7,0,7,,,NA,1
S-B2a,Ashe,b,November,Jamie,1,6,2,0,0,0,,,NA,1
S-B2b,Ashe,b,November,Jamie,1,0,0,1,0,0,,,NA,2
S-B2b,Ashe,a,November,Jamie,0,0,0,0,0,0,,,NA,2
S-B2c,Ashe,a,November,Jamie,1,2,1,4,1,2,,,NA,
S-B2c,Ashe,b,November,Jamie,2,5,0,6,1,7,,,NA,
S-B2d,Ashe,a,November,Jamie,0,2,2,7,0,0,,,NA,
S-B2d,Ashe,b,November,Jamie,3,15,5,35,8,23,,,NA,
S-B3a,Ashe,b,November,Jamie,3,5,1,2,1,3,,,NA,1
S-B3a,Ashe,a,November,Jamie,0,7,2,21,4,26,,,NA,1
S-B3b,Ashe,a,November,Jamie,0,0,0,1,0,0,,,NA,1
S-B3b,Ashe,b,November,Jamie,0,0,0,3,0,0,,,NA,1
S-B3c,Ashe,a,November,Jamie,0,2,0,1,0,0,,,NA,
S-B3c,Ashe,b,November,Jamie,4,14,0,10,0,12,,,NA,
S-B3d,Ashe,a,November,Jamie,0,10,0,12,0,10,,,NA,
S-B3d,Ashe,b,November,Jamie,,,,,,,,,NA,
S-B4a,Ashe,a,November,Jamie,,,,,,,,,NA,7
S-B4a,Ashe,b,November,Jamie,,,,,,,,,NA,7
S-B4b,Ashe,a,November,Jamie,,,,,,,,,NA,2
S-B4b,Ashe,b,November,Jamie,,,,,,,,,NA,2
S-B4c,Ashe,a,November,Jamie,,,,,,,,,NA,
S-B4c,Ashe,b,November,Jamie,,,,,,,,,NA,
S-B4d,Ashe,b,November,Jamie,,,,,,,,,NA,
S-B4d,Ashe,a,November,Jamie,,,,,,,,,NA,
S-C1a,Ashe,a,November,Jamie,4,4,4,10,7,0,y,,NA,0
S-C1a,Ashe,b,November,Jamie,6,7,4,1,0,0,,,NA,0
S-C1b,Ashe,a,November,Jamie,7,1,11,5,2,6,,,NA,3
S-C1b,Ashe,b,November,Jamie,9,15,4,11,20,13,y,,NA,3
S-C1c,Ashe,a,November,Jamie,0,0,0,0,0,0,,,NA,
S-C1c,Ashe,b,November,Jamie,2,0,4,1,1,0,,,NA,
S-C1d,Ashe,a,November,Jamie,3,6,7,4,,,y,,NA,
S-C1d,Ashe,b,November,Jamie,0,4,15,0,0,2,,,NA,
S-C2a,Ashe,a,November,Jamie,5,9,2,10,0,5,,,NA,4
S-C2a,Ashe,b,November,Jamie,9,10,8,16,6,3,y,,NA,4
S-C2b,Ashe,a,November,Jamie,1,0,0,0,0,0,,,NA,3
S-C2b,Ashe,b,November,Jamie,8,2,5,0,3,0,,,NA,3
S-C2c,Ashe,a,November,Jamie,6,4,5,9,3,0,y,,NA,
S-C2c,Ashe,b,November,Jamie,2,0,4,1,1,0,,,NA,
S-C2d,Ashe,a,November,Jamie,3,0,1,0,0,0,,,NA,
S-C2d,Ashe,b,November,Jamie,0,1,0,0,0,0,,,NA,
S-C3a,Ashe,a,November,Jamie,0,0,0,0,0,0,,,NA,
S-C3a,Ashe,b,November,Jamie,1,0,0,1,0,0,,,NA,
S-C3b,Ashe,a,November,Jamie,0,0,0,0,0,0,,,NA,
S-C3b,Ashe,b,November,Jamie,0,0,0,0,0,0,,,NA,
S-C3c,Ashe,a,November,Jamie,0,1,0,0,0,0,,,NA,
S-C3c,Ashe,b,November,Jamie,0,0,0,0,0,0,,,NA,
S-C3d,Ashe,a,November,Jamie,0,6,0,7,1,5,y,,NA,
S-C3d,Ashe,b,November,Jamie,9,16,9,21,0,0,,,NA,
S-C4a,Ashe,a,November,Jamie,9,14,0,0,7,5,y,,NA,4
S-C4a,Ashe,b,November,Jamie,14,16,6,14,6,8,y,,NA,4
S-C4b,Ashe,a,November,Jamie,2,1,0,0,0,0,,,NA,3
S-C4b,Ashe,b,November,Jamie,1,0,1,0,0,0,,,NA,3
S-C4c,Ashe,a,November,Jamie,6,5,3,5,1,3,y,,NA,
S-C4c,Ashe,b,November,Jamie,15,8,6,4,5,4,y,,NA,
S-C4d,Ashe,a,November,Jamie,7,18,9,12,7,10,y,,NA,
S-C4d,Ashe,b,November,Jamie,10,7,12,5,10,4,y,,NA,
S-D1a,Ashe,b,November,Jamie,9,25,9,20,16,23,no,,NA,9
S-D1a,Ashe,a,November,Jamie,2,10,0,13,2,5,no,,NA,9
S-D1b,Ashe,a,November,Jamie,1,10,2,10,1,10,no,,NA,14
S-D1b,Ashe,b,November,Jamie,0,3,0,5,0,4,no,,NA,14
S-D1c,Ashe,a,November,Jamie,2,15,2,10,5,20,yes,,NA,
S-D1c,Ashe,b,November,Jamie,0,10,1,20,4,30,yes,,NA,
S-D1d,Ashe,a,November,Jamie,1,5,3,10,3,17,yes,,NA,
S-D1d,Ashe,b,November,Jamie,0,3,4,4,0,3,yes,,NA,
S-D2a,Ashe,b,November,Jamie,0,0,0,0,0,0,no,,NA,0
S-D2a,Ashe,a,November,Jamie,1,0,0,0,0,0,no,,NA,0
S-D2b,Ashe,a,November,Jamie,0,13,2,5,0,7,no,,NA,1
S-D2b,Ashe,b,November,Jamie,0,10,0,11,3,6,no,,NA,1
S-D2c,Ashe,a,November,Jamie,0,0,0,2,0,1,no,,NA,
S-D2c,Ashe,b,November,Jamie,1,1,0,2,0,3,no,,NA,
S-D2d,Ashe,a,November,Jamie,2,6,1,9,0,15,no,,NA,
S-D2d,Ashe,b,November,Jamie,0,1,0,3,0,10,no,,NA,
S-D3a,Ashe,a,November,Jamie,0,1,0,0,0,0,no,,NA,3
S-D3a,Ashe,b,November,Jamie,0,4,0,0,0,0,no,,NA,3
S-D3b,Ashe,b,November,Jamie,3,4,0,14,9,54,no,,NA,1
S-D3b,Ashe,a,November,Jamie,1,5,3,9,2,11,no,,NA,1
S-D3c,Ashe,a,November,Jamie,1,5,0,15,0,10,no,,NA,
S-D3c,Ashe,b,November,Jamie,3,15,0,15,0,15,no,,NA,
S-D3d,Ashe,a,November,Jamie,0,0,0,0,0,0,no,,NA,
S-D3d,Ashe,b,November,Jamie,0,0,0,0,0,0,no,,NA,
S-D4a,Ashe,a,November,Jamie,3,12,5,15,2,10,no,,NA,0
S-D4a,Ashe,b,November,Jamie,1,10,5,12,0,3,no,,NA,0
S-D4b,Ashe,b,November,Jamie,0,0,0,2,0,0,no,,NA,2
S-D4b,Ashe,a,November,Jamie,1,15,0,14,0,17,no,,NA,2
S-D4c,Ashe,a,November,Jamie,3,15,3,8,3,0,no,,NA,
S-D4c,Ashe,b,November,Jamie,12,8,3,26,5,35,no,,NA,
S-D4d,Ashe,a,November,Jamie,1,6,0,2,2,3,yes,,NA,
S-D4d,Ashe,b,November,Jamie,1,3,5,3,5,2,no,,NA,
S-E1a,Ashe,a,November,Jamie,2,2,8,10,2,3,no,,NA,0
S-E1a,Ashe,b,November,Jamie,2,6,2,9,3,3,yes,,NA,0
S-E1b,Ashe,a,November,Jamie,7,21,9,19,6,11,no,,NA,1
S-E1b,Ashe,b,November,Jamie,0,2,1,0,0,,no,,NA,1
S-E1c,Ashe,b,November,Jamie,0,0,0,0,0,0,no,,NA,
S-E1c,Ashe,a,November,Jamie,0,1,2,2,5,2,no,,NA,
S-E1d,Ashe,a,November,Jamie,0,6,4,7,7,9,no,,NA,
S-E1d,Ashe,b,November,Jamie,3,3,2,5,2,7,no,,NA,
S-E2a,Ashe,b,November,Jamie,0,7,0,7,1,4,no,,NA,1
S-E2a,Ashe,a,November,Jamie,0,1,0,1,0,2,no,,NA,1
S-E2b,Ashe,a,November,Jamie,1,4,0,6,2,7,no,,NA,0
S-E2b,Ashe,b,November,Jamie,2,7,0,12,0,4,no,,NA,0
S-E2c,Ashe,b,November,Jamie,1,12,1,12,0,11,no,,NA,
S-E2c,Ashe,a,November,Jamie,5,32,4,27,4,50,no,,NA,
S-E2d,Ashe,a,November,Jamie,2,14,1,20,1,14,no,,NA,
S-E2d,Ashe,b,November,Jamie,1,5,0,4,0,7,no,,NA,
S-E3a,Ashe,b,November,Jamie,0,0,0,0,0,0,no,,NA,0
S-E3a,Ashe,a,November,Jamie,0,0,0,0,0,0,no,,NA,0
S-E3b,Ashe,a,November,Jamie,0,0,0,2,0,1,no,,NA,1
S-E3b,Ashe,b,November,Jamie,0,0,0,0,0,0,no,,NA,1
S-E3c,Ashe,a,November,Jamie,1,10,2,7,0,0,no,,NA,
S-E3c,Ashe,b,November,Jamie,0,6,0,6,2,6,no,,NA,
S-E3d,Ashe,a,November,Jamie,3,21,1,26,2,15,no,,NA,
S-E3d,Ashe,b,November,Jamie,0,6,1,15,3,18,no,,NA,
S-E4a,Ashe,b,November,Jamie,4,46,12,35,9,32,yes,,NA,7
S-E4a,Ashe,a,November,Jamie,6,40,10,26,5,27,yes,,NA,7
S-E4b,Ashe,b,November,Jamie,3,1,0,3,3,17,no,,NA,1
S-E4b,Ashe,a,November,Jamie,1,10,3,10,3,9,no,,NA,1
S-E4c,Ashe,a,November,Jamie,0,20,2,20,2,20,yes,,NA,
S-E4c,Ashe,b,November,Jamie,3,25,4,20,4,10,yes,,NA,
S-E4d,Ashe,a,November,Jamie,2,7,5,20,1,11,yes,,NA,
S-E4d,Ashe,b,November,Jamie,0,20,1,11,1,11,yes,,NA,
S-F1a,Ashe,a,November,Jamie,9,6,8,30,7,13,no,,NA,0
S-F1a,Ashe,b,November,Jamie,0,0,0,0,0,0,no,,NA,0
S-F1b,Ashe,b,November,Jamie,0,3,0,0,0,0,no,,NA,0
S-F1b,Ashe,a,November,Jamie,1,0,1,0,1,0,no,,NA,0
S-F1c,Ashe,a,November,Jamie,2,22,1,30,2,30,no,,NA,
S-F1c,Ashe,b,November,Jamie,4,30,4,25,1,7,no,,NA,
S-F1d,Ashe,a,November,Jamie,1,3,1,1,1,3,yes,,NA,
S-F1d,Ashe,b,November,Jamie,3,7,3,4,1,20,yes,,NA,
S-F2a,Ashe,a,November,Jamie,0,0,0,0,0,0,no,,NA,1
S-F2a,Ashe,b,November,Jamie,0,0,0,1,1,0,no,,NA,1
S-F2b,Ashe,a,November,Jamie,0,3,0,4,0,0,no,,NA,0
S-F2b,Ashe,only one,November,Jamie,0,0,0,0,0,0,no,,NA,0
S-F2c,Ashe,a,November,Jamie,0,0,0,3,0,3,no,,NA,
S-F2c,Ashe,b,November,Jamie,0,0,0,0,0,0,no,,NA,
S-F2d,Ashe,a,November,Jamie,0,0,0,0,0,0,no,,NA,
S-F2d,Ashe,b,November,Jamie,0,0,0,1,0,0,no,,NA,
S-F3a,Ashe,a,November,Jamie,0,0,0,0,0,0,no,,NA,0
S-F3a,Ashe,b,November,Jamie,0,0,0,0,0,0,no,,NA,0
S-F3b,Ashe,a,November,Jamie,1,0,0,0,0,0,no,,NA,0
S-F3b,Ashe,a,November,Jamie,1,2,0,0,0,0,no,,NA,0
S-F3b,Ashe,b,November,Jamie,0,1,3,3,1,1,no,,NA,
S-F3c,Ashe,a,November,Jamie,0,1,0,1,0,1,no,,NA,
S-F3c,Ashe,b,November,Jamie,0,1,0,1,0,1,no,,NA,
S-F3d,Ashe,a,November,Jamie,0,0,0,0,0,0,no,,NA,
S-F4a,Ashe,a,November,Jamie,0,0,0,0,0,0,no,,NA,1
S-F4a,Ashe,b,November,Jamie,4,7,5,8,4,5,no,,NA,1
S-F4b,Ashe,a,November,Jamie,1,3,1,2,8,6,no,,NA,3
S-F4b,Ashe,b,November,Jamie,4,9,2,8,1,0,no,,NA,3
S-F4c,Ashe,a,November,Jamie,1,0,1,1,1,0,no,,NA,
S-F4c,Ashe,b,November,Jamie,10,15,19,20,15,28,no,,NA,
S-F4d,Ashe,a,November,Jamie,2,20,3,5,6,10,no,,NA,
S-F4d,Ashe,b,November,Jamie,2,2,2,5,1,3,no,,NA,
V-A1a,Avery,a,November,Jamie,2,3,2,10,3,5,y,,NA,0
V-A1a,Avery,b,November,Jamie,6,3,2,0,1,2,y,,NA,0
V-A1b,Avery,a,November,Jamie,0,4,0,1,2,5,y,,NA,0
V-A1b,Avery,b,November,Jamie,1,1,0,0,0,1,y,,NA,0
V-A1c,Avery,a,November,Jamie,0,1,0,1,0,1,,,NA,
V-A1c,Avery,b,November,Jamie,0,1,1,2,1,1,y,,NA,
V-A1d,Avery,b,November,Jamie,1,13,2,9,4,4,y,,NA,
V-A1d,Avery,a,November,Jamie,1,0,5,3,1,1,,,NA,
V-A2a,Avery,a,November,Jamie,0,2,1,1,0,0,y,,NA,1
V-A2a,Avery,b,November,Jamie,0,2,1,0,0,0,y,,NA,1
V-A2b,Avery,a,November,Jamie,0,0,0,0,0,0,,,NA,0
V-A2b,Avery,b,November,Jamie,0,5,0,3,5,3,y,,NA,0
V-A2c,Avery,a,November,Jamie,1,1,0,0,0,0,,,NA,
V-A2c,Avery,b,November,Jamie,1,4,1,6,0,2,,,NA,
V-A2d,Avery,b,November,Jamie,1,0,1,1,0,0,,,NA,
V-A2d,Avery,a,November,Jamie,8,55,2,25,4,15,y,,NA,
V-A3a,Avery,a,November,Jamie,1,1,0,2,0,2,,,NA,
V-A3a,Avery,b,November,Jamie,1,13,0,1,0,1,y,,NA,0
V-A3b,Avery,a,November,Jamie,0,8,1,3,2,4,y,,NA,0
V-A3b,Avery,b,November,Jamie,1,0,0,0,0,0,,,NA,0
V-A3c,Avery,b,November,Jamie,1,15,0,1,1,14,y,,NA,0
V-A3c,Avery,a,November,Jamie,1,14,1,5,0,10,,,NA,
V-A3d,Avery,a,November,Jamie,0,1,0,6,0,0,y,,NA,
V-A3d,Avery,b,November,Jamie,0,1,0,0,0,0,,,NA,
V-A4a,Avery,a,November,Jamie,5,16,4,6,8,11,y,,NA,0
V-A4a,Avery,b,November,Jamie,0,2,1,0,0,2,y,,NA,0
V-A4b,Avery,a,November,Jamie,0,0,0,0,0,0,,,NA,0
V-A4b,Avery,b,November,Jamie,0,0,0,0,0,0,,,NA,0
V-A4c,Avery,a,November,Jamie,0,1,0,0,0,0,y,,NA,
V-A4c,Avery,b,November,Jamie,0,1,1,1,0,0,y,,NA,
V-A4d,Avery,b,November,Jamie,2,5,1,3,3,8,y,,NA,
V-A4d,Avery,a,November,Jamie,0,3,0,0,0,1,y,,NA,
V-B1a,Avery,a,November,Jamie,2,5,5,0,4,3,y,,NA,0
V-B1a,Avery,b,November,Jamie,1,2,1,0,1,0,,,NA,0
V-B1b,Avery,a,November,Jamie,0,5,,,,,,y,NA,0
V-B1b,Avery,b,November,Jamie,0,1,0,1,,,y,y,NA,0
V-B1c,Avery,a,November,Jamie,1,3,0,1,0,2,y,,NA,
V-B1c,Avery,b,November,Jamie,1,1,0,14,0,3,,,NA,
V-B1d,Avery,a,November,Jamie,2,0,0,0,,,,,NA,
V-B1d,Avery,b,November,Jamie,0,0,0,0,,,,,NA,
V-B2a,Avery,a,November,Jamie,3,1,2,0,1,6,y,,NA,0
V-B2a,Avery,b,November,Jamie,6,2,3,7,0,7,y,,NA,0
V-B2b,Avery,a,November,Jamie,5,19,6,5,,,y,y,NA,0
V-B2b,Avery,b,November,Jamie,8,34,6,17,4,6,y,,NA,0
V-B2c,Avery,a,November,Jamie,2,4,0,10,1,9,,y,NA,
V-B2c,Avery,b,November,Jamie,0,0,0,0,0,0,,,NA,
V-B2d,Avery,a,November,Jamie,1,0,0,0,,,,,NA,
V-B2d,Avery,b,November,Jamie,1,1,0,2,0,5,y,y,NA,
V-B3a,Avery,a,November,Jamie,0,0,0,1,0,1,y,y,NA,1
V-B3a,Avery,b,November,Jamie,0,1,2,13,0,0,y,y,NA,1
V-B3b,Avery,a,November,Jamie,0,1,3,2,0,1,y,,NA,1
V-B3b,Avery,b,November,Jamie,1,0,2,3,0,1,y,y,NA,1
V-B3c,Avery,a,November,Jamie,2,1,1,1,1,0,y,,NA,
V-B3c,Avery,b,November,Jamie,0,0,0,0,0,0,,,NA,
V-B3d,Avery,a,November,Jamie,1,5,0,4,0,10,y,y,NA,
V-B3d,Avery,b,November,Jamie,6,8,2,7,4,11,y,y,NA,
V-B4a,Avery,b,November,Jamie,0,2,,,,,,,NA,0
V-B4a,Avery,a,November,Jamie,2,13,4,10,2,25,y,,NA,0
V-B4b,Avery,a,November,Jamie,0,0,0,0,0,0,,,NA,0
V-B4b,Avery,b,November,Jamie,1,1,1,0,1,0,,,NA,0
V-B4c,Avery,a,November,Jamie,0,8,2,3,0,8,y,y,NA,
V-B4c,Avery,b,November,Jamie,0,2,0,0,0,1,y,,NA,
V-B4d,Avery,a,November,Jamie,0,1,1,8,0,1,y,,NA,
V-B4d,Avery,b,November,Jamie,0,0,,,,,,,NA,
V-C1a,Avery,a,November,Jamie,0,2,0,3,1,0,y,,NA,0
V-C1a,Avery,b,November,Jamie,0,5,0,1,1,2,y,,NA,0
V-C1b,Avery,a,November,Jamie,1,4,2,4,0,12,y,,NA,0
V-C1b,Avery,b,November,Jamie,2,0,1,0,0,1,y,,NA,0
V-C1c,Avery,a,November,Jamie,0,4,0,6,1,5,y,,NA,
V-C1c,Avery,b,November,Jamie,1,1,0,0,0,0,,,NA,
V-C1d,Avery,a,November,Jamie,6,3,0,4,2,7,y,,NA,
V-C1d,Avery,b,November,Jamie,0,1,3,10,0,5,y,,NA,
V-C2a,Avery,a,November,Jamie,0,0,0,1,0,0,y,,NA,0
V-C2a,Avery,b,November,Jamie,1,3,1,3,0,0,,,NA,0
V-C2b,Avery,a,November,Jamie,1,1,0,4,0,4,y,,NA,0
V-C2b,Avery,b,November,Jamie,0,2,2,1,0,1,y,,NA,0
V-C2c,Avery,a,November,Jamie,1,2,0,0,0,0,,,NA,
V-C2c,Avery,b,November,Jamie,0,0,0,0,0,0,,,NA,
V-C2d,Avery,a,November,Jamie,1,5,0,11,0,1,y,,NA,
V-C2d,Avery,b,November,Jamie,0,11,2,12,3,6,y,,NA,
V-C3a,Avery,a,November,Jamie,0,1,0,1,0,4,y,,NA,0
V-C3a,Avery,b,November,Jamie,0,0,0,0,0,0,,,NA,0
V-C3b,Avery,a,November,Jamie,0,0,0,0,0,0,,,NA,0
V-C3b,Avery,b,November,Jamie,0,0,0,0,0,0,,,NA,0
V-C3c,Avery,b,November,Jamie,0,0,0,0,0,0,,,NA,
V-C3c,Avery,a,November,Jamie,1,0,0,1,0,0,,,NA,
V-C3d,Avery,a,November,Jamie,0,2,0,0,0,0,,,NA,
V-C3d,Avery,b,November,Jamie,0,0,0,0,0,0,,,NA,
V-C4a,Avery,a,November,Jamie,5,10,4,9,9,11,y,,NA,0
V-C4a,Avery,b,November,Jamie,2,4,1,0,0,0,,,NA,0
V-C4b,Avery,b,November,Jamie,1,1,0,3,0,2,y,,NA,0
V-C4b,Avery,a,November,Jamie,4,16,1,2,2,0,y,,NA,0
V-C4c,Avery,a,November,Jamie,4,15,5,7,6,8,y,,NA,
V-C4c,Avery,b,November,Jamie,8,7,0,9,2,4,y,,NA,
V-C4d,Avery,a,November,Jamie,4,5,1,2,0,1,y,,NA,
V-C4d,Avery,b,November,Jamie,1,6,3,4,2,11,,,NA,
V-D1a,Avery,a,November,Jamie,0,0,0,0,0,0,,,NA,0
V-D1a,Avery,b,November,Jamie,1,0,0,0,0,0,,,NA,0
V-D1b,Avery,a,November,Jamie,0,0,0,0,0,0,,,NA,0
V-D1b,Avery,b,November,Jamie,0,0,0,0,0,0,,,NA,0
V-D1c,Avery,a,November,Jamie,0,1,0,1,1,3,,y,NA,
V-D1c,Avery,b,November,Jamie,3,4,1,4,2,2,y,,NA,
V-D1d,Avery,a,November,Jamie,3,1,2,1,0,1,y,,NA,
V-D2a,Avery,a,November,Jamie,2,1,0,6,,,,,NA,0
V-D2a,Avery,b,November,Jamie,0,1,0,0,0,0,,,NA,0
V-D2b,Avery,a,November,Jamie,1,1,1,0,0,0,y,,NA,0
V-D2b,Avery,b,November,Jamie,0,1,0,1,0,1,y,,NA,0
V-D2c,Avery,a,November,Jamie,1,0,0,0,0,0,,,NA,
V-D2c,Avery,b,November,Jamie,0,0,0,0,0,0,,,NA,
V-D2d,Avery,a,November,Jamie,4,5,4,6,0,11,,,NA,
V-D2d,Avery,b,November,Jamie,1,1,0,0,0,0,,,NA,
V-D3a,Avery,a,November,Jamie,0,2,2,2,0,2,y,,NA,0
V-D3a,Avery,b,November,Jamie,,,,,,,,,NA,0
V-D3b,Avery,b,November,Jamie,,,,,,,,,NA,0
V-D3b,Avery,a,November,Jamie,,,,,,,,,NA,0
V-D3c,Avery,a,November,Jamie,,,,,,,,,NA,
V-D3c,Avery,b,November,Jamie,,,,,,,,,NA,
V-D3d,Avery,a,November,Jamie,,,,,,,,,NA,
V-D3d,Avery,b,November,Jamie,,,,,,,,,NA,
V-D4a,Avery,a,November,Jamie,,,,,,,,,NA,0
V-D4a,Avery,b,November,Jamie,,,,,,,,,NA,0
V-D4b,Avery,a,November,Jamie,,,,,,,,,NA,0
V-D4b,Avery,b,November,Jamie,,,,,,,,,NA,0
V-D4c,Avery,b,November,Jamie,,,,,,,,,NA,
V-D4c,Avery,a,November,Jamie,,,,,,,,,NA,
V-D4d,Avery,a,November,Jamie,,,,,,,,,NA,
V-D4d,Avery,b,November,Jamie,,,,,,,,,NA,
V-E1a,Avery,b,November,Jamie,1,0,0,0,0,0,,,NA,0
V-E1a,Avery,a,November,Jamie,1,11,2,9,2,4,y,,NA,0
V-E1b,Avery,a,November,Jamie,0,0,0,0,0,0,y,,NA,0
V-E1b,Avery,b,November,Jamie,1,0,0,1,0,0,,,NA,0
V-E1c,Avery,a,November,Jamie,0,0,0,2,0,0,,,NA,
V-E1c,Avery,b,November,Jamie,0,0,0,0,0,0,,,NA,
V-E1d,Avery,a,November,Jamie,1,1,0,1,1,0,y,,NA,
V-E1d,Avery,b,November,Jamie,9,3,2,5,3,3,y,,NA,
V-E2a,Avery,b,November,Jamie,1,0,0,2,0,0,y,,NA,0
V-E2a,Avery,a,November,Jamie,0,0,0,0,0,0,,,NA,0
V-E2b,Avery,a,November,Jamie,0,1,0,0,0,0,y,,NA,1
V-E2b,Avery,b,November,Jamie,0,0,0,0,0,0,,,NA,1
V-E2c,Avery,a,November,Jamie,0,0,0,0,0,0,,,NA,
V-E2c,Avery,b,November,Jamie,0,1,0,0,0,2,y,,NA,
V-E2d,Avery,a,November,Jamie,0,0,0,1,0,1,y,,NA,
V-E2d,Avery,b,November,Jamie,1,0,1,2,1,1,y,,NA,
V-E3a,Avery,a,November,Jamie,0,4,0,2,0,0,,,NA,0
V-E3a,Avery,b,November,Jamie,0,0,0,0,0,0,,,NA,0
V-E3b,Avery,a,November,Jamie,1,1,0,0,0,0,,,NA,0
V-E3b,Avery,b,November,Jamie,0,1,0,0,0,0,,,NA,0
V-E3c,Avery,a,November,Jamie,0,0,0,0,0,0,,,NA,
V-E3c,Avery,b,November,Jamie,0,0,0,0,0,0,,,NA,
V-E3d,Avery,a,November,Jamie,0,0,0,0,0,0,,,NA,
V-E3d,Avery,b,November,Jamie,0,2,0,0,0,2,,,NA,
V-E4a,Avery,b,November,Jamie,0,0,0,0,0,0,,,NA,0
V-E4a,Avery,a,November,Jamie,0,0,0,0,0,0,,,NA,0
V-E4b,Avery,a,November,Jamie,0,0,0,0,0,0,,,NA,1
V-E4b,Avery,b,November,Jamie,0,0,0,0,0,0,,,NA,1
V-E4c,Avery,a,November,Jamie,1,3,0,2,0,1,,,NA,
V-E4c,Avery,b,November,Jamie,0,0,0,0,0,0,,,NA,
V-E4d,Avery,a,November,Jamie,0,0,0,0,0,0,,,NA,
V-E4d,Avery,b,November,Jamie,0,0,0,0,0,0,,,NA,
W-A1a,Watauga,a,November,Jamie,4,13,0,15,4,4,y,,NA,46
W-A1a,Watauga,b,November,Jamie,1,0,2,2,0,4,y,,NA,46
W-A1b,Watauga,a,November,Jamie,2,0,1,0,0,5,y,,NA,34
W-A1b,Watauga,b,November,Jamie,0,0,0,0,0,0,,,NA,34
W-A1c,Watauga,a,November,Jamie,0,0,0,0,0,0,,,NA,
W-A1c,Watauga,b,November,Jamie,0,0,0,0,0,0,,,NA,
W-A1d,Watauga,a,November,Jamie,0,0,0,0,0,0,,,NA,
W-A1d,Watauga,b,November,Jamie,0,0,0,1,0,0,y,,NA,
W-A2a,Watauga,a,November,Jamie,,,,,,,,,NA,19
W-A2a,Watauga,b,November,Jamie,,,,,,,,,NA,19
W-A2b,Watauga,a,November,Jamie,0,8,3,11,0,9,y,,NA,76
W-A2b,Watauga,b,November,Jamie,0,4,2,8,0,4,y,,NA,76
W-A2c,Watauga,a,November,Jamie,0,0,0,0,0,0,,,NA,
W-A2c,Watauga,b,November,Jamie,1,0,0,1,0,0,y,,NA,
W-A2d,Watauga,a,November,Jamie,1,0,2,0,0,1,y,,NA,
W-A2d,Watauga,b,November,Jamie,0,0,1,0,1,1,,,NA,
W-A3a,Watauga,a,November,Jamie,0,3,0,2,0,2,,,NA,30
W-A3a,Watauga,b,November,Jamie,0,0,0,0,0,0,,,NA,30
W-A3b,Watauga,a,November,Jamie,0,2,0,1,0,2,,,NA,32
W-A3b,Watauga,b,November,Jamie,0,4,2,8,0,3,,,NA,32
W-A3c,Watauga,a,November,Jamie,1,1,0,3,2,2,y,,NA,
W-A3c,Watauga,b,November,Jamie,0,11,0,2,0,4,,,NA,
W-A3d,Watauga,a,November,Jamie,0,3,0,6,0,0,y,,NA,
W-A3d,Watauga,b,November,Jamie,0,2,0,1,0,0,y,,NA,
W-A4a,Watauga,a,November,Jamie,1,0,0,1,0,0,,,NA,16
W-A4a,Watauga,b,November,Jamie,0,0,0,0,0,0,,,NA,16
W-A4b,Watauga,a,November,Jamie,1,14,0,12,7,25,y,,NA,87
W-A4b,Watauga,b,November,Jamie,0,13,1,12,1,7,y,,NA,87
W-A4c,Watauga,a,November,Jamie,0,0,0,0,0,0,,,NA,
W-A4c,Watauga,b,November,Jamie,0,0,0,0,0,0,,,NA,
W-A4d,Watauga,a,November,Jamie,0,0,0,0,0,0,,,NA,
W-A4d,Watauga,b,November,Jamie,0,0,0,0,0,0,,,NA,
W-B1a,Watauga,a,November,Jamie,3,2,5,7,3,8,y,,NA,12
W-B1a,Watauga,b,November,Jamie,0,0,0,0,0,0,,,NA,12
W-B1b,Watauga,a,November,Jamie,6,9,2,2,2,3,y,,NA,16
W-B1b,Watauga,b,November,Jamie,4,11,3,10,1,17,y,,NA,16
W-B1c,Watauga,a,November,Jamie,0,7,5,3,3,1,y,,NA,
W-B1c,Watauga,b,November,Jamie,0,3,3,5,5,7,y,,NA,
W-B1d,Watauga,a,November,Jamie,0,0,0,0,0,0,,,NA,
W-B1d,Watauga,b,November,Jamie,0,0,0,0,0,0,,,NA,
W-B2a,Watauga,a,November,Jamie,11,22,9,21,9,15,y,,NA,10
W-B2a,Watauga,b,November,Jamie,4,15,5,17,1,12,y,,NA,10
W-B2b,Watauga,a,November,Jamie,0,0,0,0,0,0,,,NA,6
W-B2b,Watauga,b,November,Jamie,0,0,0,0,0,0,,,NA,6
W-B2c,Watauga,a,November,Jamie,0,14,1,18,0,4,y,,NA,
W-B2c,Watauga,b,November,Jamie,1,12,1,22,1,12,y,,NA,
W-B2d,Watauga,a,November,Jamie,10,6,5,9,4,17,y,,NA,
W-B2d,Watauga,b,November,Jamie,0,6,14,22,0,9,y,,NA,
W-B3a,Watauga,a,November,Jamie,0,0,0,0,0,0,,,NA,10
W-B3a,Watauga,b,November,Jamie,0,0,0,0,0,0,,,NA,10
W-B3b,Watauga,a,November,Jamie,0,0,0,0,0,0,,,NA,13
W-B3b,Watauga,b,November,Jamie,0,0,0,0,0,0,,,NA,13
W-B3c,Watauga,a,November,Jamie,0,2,2,16,0,0,,,NA,
W-B3c,Watauga,b,November,Jamie,2,20,2,29,5,17,y,,NA,
W-B3d,Watauga,a,November,Jamie,3,1,6,8,0,0,y,,NA,
W-B3d,Watauga,b,November,Jamie,0,0,0,0,0,0,,,NA,
W-B4a,Watauga,a,November,Jamie,0,2,8,10,5,13,y,,NA,46
W-B4a,Watauga,b,November,Jamie,1,4,3,5,1,6,y,,NA,46
W-B4b,Watauga,a,November,Jamie,0,1,0,0,0,0,,,NA,17
W-B4b,Watauga,b,November,Jamie,0,0,0,0,0,0,,,NA,17
W-B4c,Watauga,a,November,Jamie,4,16,6,22,0,24,y,,NA,
W-B4c,Watauga,b,November,Jamie,0,26,0,17,4,32,,,NA,
W-B4d,Watauga,a,November,Jamie,0,13,1,7,2,6,y,,NA,
W-B4d,Watauga,b,November,Jamie,2,4,0,8,0,8,y,,NA,
W-C1a,Watauga,a,November,Jamie,1,2,2,3,7,4,y,,NA,10
W-C1a,Watauga,b,November,Jamie,0,1,0,0,0,0,y,,NA,10
W-C1b,Watauga,a,November,Jamie,0,0,0,0,0,0,,,NA,11
W-C1b,Watauga,b,November,Jamie,0,0,0,0,0,0,,,NA,11
W-C1c,Watauga,a,November,Jamie,0,1,0,1,0,0,y,,NA,
W-C1c,Watauga,b,November,Jamie,0,0,0,0,0,0,,,NA,
W-C1d,Watauga,a,November,Jamie,2,2,2,0,1,1,y,,NA,
W-C1d,Watauga,b,November,Jamie,9,11,13,18,3,8,y,,NA,
W-C2a,Watauga,a,November,Jamie,0,0,0,0,0,0,,,NA,8
W-C2a,Watauga,b,November,Jamie,0,0,0,0,0,0,,,NA,8
W-C2b,Watauga,a,November,Jamie,8,9,0,1,0,1,y,,NA,9
W-C2b,Watauga,b,November,Jamie,0,1,4,1,1,1,y,,NA,9
W-C2c,Watauga,a,November,Jamie,0,0,0,0,0,0,,,NA,
W-C2c,Watauga,b,November,Jamie,0,0,0,0,0,0,,,NA,
W-C2d,Watauga,a,November,Jamie,0,0,0,0,0,0,,,NA,
W-C2d,Watauga,b,November,Jamie,0,0,0,0,0,0,,,NA,
W-C3a,Watauga,a,November,Jamie,0,0,0,0,0,0,,,NA,1
W-C3a,Watauga,b,November,Jamie,0,1,0,0,0,0,,,NA,1
W-C3b,Watauga,a,November,Jamie,0,0,0,0,0,0,,,NA,3
W-C3b,Watauga,b,November,Jamie,0,0,0,0,0,0,,,NA,3
W-C3c,Watauga,a,November,Jamie,0,5,0,3,0,1,,,NA,
W-C3c,Watauga,b,November,Jamie,2,54,1,40,1,25,y,,NA,
W-C3d,Watauga,a,November,Jamie,0,0,0,4,0,4,,,NA,
W-C3d,Watauga,b,November,Jamie,0,0,0,0,0,0,,,NA,
W-C4a,Watauga,a,November,Jamie,0,0,0,0,0,0,,,NA,17
W-C4a,Watauga,b,November,Jamie,0,0,0,0,0,0,,,NA,17
W-C4b,Watauga,a,November,Jamie,4,25,11,28,4,25,y,,NA,54
W-C4b,Watauga,b,November,Jamie,5,11,3,4,2,7,y,,NA,54
W-C4c,Watauga,a,November,Jamie,0,0,0,0,0,0,,,NA,
W-C4c,Watauga,b,November,Jamie,0,0,0,0,0,0,,,NA,
W-C4d,Watauga,a,November,Jamie,0,2,0,0,0,0,,,NA,
W-C4d,Watauga,b,November,Jamie,9,9,9,11,4,10,y,,NA,
W-D1a,Watauga,a,November,Jamie,2,0,0,1,2,0,y,,NA,13
W-D1a,Watauga,b,November,Jamie,0,0,0,0,0,0,,,NA,13
W-D1b,Watauga,a,November,Jamie,2,3,0,2,1,1,y,,NA,10
W-D1b,Watauga,b,November,Jamie,0,0,0,0,0,0,,,NA,10
W-D1c,Watauga,a,November,Jamie,1,13,5,13,3,28,y,,NA,
W-D1c,Watauga,b,November,Jamie,0,0,0,0,0,0,,,NA,
W-D1d,Watauga,a,November,Jamie,4,13,7,18,6,10,y,,NA,
W-D1d,Watauga,b,November,Jamie,1,1,1,0,1,2,y,,NA,
W-D2a,Watauga,a,November,Jamie,0,0,0,0,0,0,,,NA,22
W-D2a,Watauga,b,November,Jamie,5,28,5,31,5,12,y,,NA,22
W-D2b,Watauga,a,November,Jamie,1,24,0,6,2,21,y,,NA,84
W-D2b,Watauga,b,November,Jamie,1,13,1,7,3,12,,,NA,84
W-D2c,Watauga,a,November,Jamie,0,2,0,1,0,0,,,NA,
W-D2c,Watauga,b,November,Jamie,0,0,0,0,0,0,,,NA,
W-D2d,Watauga,a,November,Jamie,0,0,0,0,0,0,,,NA,
W-D2d,Watauga,b,November,Jamie,0,0,0,0,0,0,,,NA,
W-D3a,Watauga,a,November,Jamie,0,1,0,0,0,0,,,NA,12
W-D3a,Watauga,b,November,Jamie,0,2,0,0,0,0,,,NA,12
W-D3b,Watauga,a,November,Jamie,0,0,0,0,0,0,,,NA,0
W-D3b,Watauga,b,November,Jamie,0,0,0,0,0,0,,,NA,0
W-D3c,Watauga,a,November,Jamie,0,2,1,4,0,0,y,,NA,
W-D3c,Watauga,b,November,Jamie,0,0,0,0,0,0,,,NA,
W-D3d,Watauga,a,November,Jamie,0,0,0,0,0,0,,,NA,
W-D3d,Watauga,b,November,Jamie,0,0,0,0,0,0,,,NA,
W-D4a,Watauga,a,November,Jamie,0,0,0,0,0,0,,,NA,30
W-D4a,Watauga,b,November,Jamie,0,0,0,0,0,0,,,NA,30
W-D4b,Watauga,a,November,Jamie,0,0,0,0,0,0,,,NA,14
W-D4b,Watauga,b,November,Jamie,0,0,0,0,0,0,,,NA,14
W-D4c,Watauga,a,November,Jamie,0,0,0,0,0,0,,,NA,
W-D4c,Watauga,b,November,Jamie,0,0,0,0,0,0,,,NA,
W-D4d,Watauga,a,November,Jamie,2,12,4,11,2,12,y,,NA,
W-D4d,Watauga,b,November,Jamie,1,3,1,3,2,6,y,,NA,
W-E1a,Watauga,a,November,Jamie,0,0,0,0,0,0,,,NA,21
W-E1a,Watauga,b,November,Jamie,0,0,0,0,0,0,,,NA,21
W-E1b,Watauga,a,November,Jamie,6,16,1,31,0,20,y,,NA,17
W-E1b,Watauga,b,November,Jamie,3,5,2,3,3,8,y,,NA,17
W-E1c,Watauga,a,November,Jamie,1,3,1,1,1,4,y,,NA,
W-E1c,Watauga,b,November,Jamie,0,0,0,0,0,0,,,NA,
W-E1d,Watauga,a,November,Jamie,0,0,0,0,0,0,,,NA,
W-E1d,Watauga,b,November,Jamie,0,0,0,0,0,0,,,NA,
W-E2a,Watauga,a,November,Jamie,0,1,1,7,0,1,y,,NA,11
W-E2a,Watauga,b,November,Jamie,6,16,1,31,0,20,y,,NA,11
W-E2b,Watauga,a,November,Jamie,3,5,2,3,3,8,y,,NA,10
W-E2b,Watauga,b,November,Jamie,1,3,1,1,1,4,y,,NA,10
W-E2c,Watauga,a,November,Jamie,0,0,0,0,0,0,,,NA,
W-E2c,Watauga,b,November,Jamie,0,0,0,0,0,0,,,NA,
W-E2d,Watauga,a,November,Jamie,0,0,0,0,0,0,,,NA,
W-E2d,Watauga,b,November,Jamie,0,0,0,0,0,0,,,NA,
W-E3a,Watauga,a,November,Jamie,0,1,1,7,0,1,y,,NA,11
W-E3a,Watauga,b,November,Jamie,1,11,1,18,0,19,y,,NA,11
W-E3b,Watauga,a,November,Jamie,0,3,0,0,0,0,y,,NA,8
W-E3b,Watauga,b,November,Jamie,0,0,0,0,0,0,,,NA,8
W-E3c,Watauga,a,November,Jamie,1,0,1,0,0,0,,,NA,
W-E3c,Watauga,b,November,Jamie,0,5,0,8,0,10,y,,NA,
W-E3d,Watauga,a,November,Jamie,0,0,0,0,0,0,,,NA,
W-E3d,Watauga,b,November,Jamie,0,0,0,0,0,0,,,NA,
W-E4a,Watauga,a,November,Jamie,2,6,0,13,0,5,y,,NA,14
W-E4a,Watauga,b,November,Jamie,1,2,0,8,0,3,y,,NA,14
W-E4b,Watauga,a,November,Jamie,0,0,0,0,0,0,,,NA,24
W-E4b,Watauga,b,November,Jamie,0,0,0,0,0,0,,,NA,24
W-E4c,Watauga,a,November,Jamie,0,1,0,1,,,y,,NA,
W-E4c,Watauga,b,November,Jamie,0,0,0,0,0,0,,,NA,
W-E4d,Watauga,a,November,Jamie,0,0,0,0,0,0,,,NA,
W-E4d,Watauga,b,November,Jamie,0,0,0,0,0,0,,,NA,
W-F1a,Watauga,a,November,Jamie,0,1,4,2,4,6,y,,NA,9
W-F1a,Watauga,b,November,Jamie,2,0,0,0,0,0,,,NA,9
W-F1b,Watauga,a,November,Jamie,7,10,3,10,8,7,y,,NA,124
W-F1b,Watauga,b,November,Jamie,6,7,3,7,2,5,y,,NA,124
W-F1c,Watauga,a,November,Jamie,0,21,2,16,1,20,y,,NA,
W-F1c,Watauga,b,November,Jamie,2,1,2,6,2,5,y,,NA,
W-F1d,Watauga,a,November,Jamie,4,9,3,2,2,3,y,,NA,
W-F1d,Watauga,b,November,Jamie,4,19,1,12,1,15,y,,NA,
W-F2a,Watauga,a,November,Jamie,1,2,0,0,0,0,,,NA,6
W-F2a,Watauga,b,November,Jamie,0,0,0,0,0,0,,,NA,6
W-F2b,Watauga,a,November,Jamie,1,18,0,13,0,0,y,,NA,5
W-F2b,Watauga,b,November,Jamie,3,13,2,22,0,23,y,,NA,5
W-F2c,Watauga,a,November,Jamie,0,0,0,0,0,0,,,NA,
W-F2c,Watauga,b,November,Jamie,0,0,0,0,1,0,,,NA,
W-F2d,Watauga,a,November,Jamie,5,7,2,11,2,9,y,,NA,
W-F2d,Watauga,b,November,Jamie,2,10,3,5,0,9,y,,NA,
W-F3a,Watauga,a,November,Jamie,0,0,0,2,0,0,y,,NA,11
W-F3a,Watauga,b,November,Jamie,0,3,0,5,1,1,,,NA,11
W-F3b,Watauga,a,November,Jamie,0,0,0,0,0,0,,,NA,13
W-F3b,Watauga,b,November,Jamie,0,0,0,0,0,0,,,NA,13
W-F3c,Watauga,a,November,Jamie,0,0,0,0,0,0,,,NA,
W-F3c,Watauga,b,November,Jamie,0,0,0,0,0,0,,,NA,
W-F3d,Watauga,a,November,Jamie,0,0,0,0,0,0,,,NA,
W-F3d,Watauga,b,November,Jamie,7,2,1,2,,,,,NA,
W-F4a,Watauga,a,November,Jamie,0,0,0,0,0,0,,,NA,23
W-F4a,Watauga,b,November,Jamie,0,0,0,0,0,0,,,NA,23
W-F4b,Watauga,a,November,Jamie,0,0,0,0,0,0,,,NA,2
W-F4b,Watauga,b,November,Jamie,0,0,0,0,0,0,,,NA,2
W-F4c,Watauga,a,November,Jamie,0,0,0,0,0,0,,,NA,
W-F4c,Watauga,b,November,Jamie,0,0,0,0,0,0,,,NA,
W-F4d,Watauga,a,November,Jamie,4,20,1,20,0,19,y,y,NA,
W-F4d,Watauga,b,November,Jamie,6,18,2,23,5,15,y,,NA,